Pruning,Susceptibility_to_nonR6_Strains,Area_nonR6,Mildew_may,First_spray_date,Interval,Initial_interval_after_change,Disease_incidence,Degree_centrality,Annual_costs,Synthetic,Nonsynthetic,Mixture
3,1,0.5618,0,119,23,0,0,0.125689023,619.8914999,1,4,1
3,1,0.5618,0,119,13,13,0,0.125689023,619.8914999,1,4,1
3,1,0.5618,0,119,28,28,0.01,0.125689023,619.8914999,1,4,1
3,4,0.4382,0,119,23,0,0,0.158838093,619.8914999,1,4,1
3,4,0.4382,0,119,13,13,0,0.158838093,619.8914999,1,4,1
3,4,0.4382,0,119,28,28,0.01,0.158838093,619.8914999,1,4,1
3,4,0.4382,0,119,23,0,0,0.358719836,619.8914999,1,4,1
3,4,0.4382,0,119,13,13,0,0.358719836,619.8914999,1,4,1
3,4,0.4382,0,119,28,28,0.02,0.358719836,619.8914999,1,4,1
4,2,0.4382,0,119,23,0,0.05,0.213161302,619.8914999,1,4,1
4,2,0.4382,0,119,13,13,0.05,0.213161302,619.8914999,1,4,1
4,2,0.4382,0,119,28,28,0.1,0.213161302,619.8914999,1,4,1
3,1,0.5618,0,119,23,0,0,0.407506785,619.8914999,1,4,1
3,1,0.5618,0,119,13,13,0,0.407506785,619.8914999,1,4,1
3,1,0.5618,0,119,28,28,0,0.407506785,619.8914999,1,4,1
3,1,0.5618,0,119,23,0,0,0.627532609,619.8914999,1,4,1
3,1,0.5618,0,119,13,13,0,0.627532609,619.8914999,1,4,1
3,1,0.5618,0,119,28,28,0,0.627532609,619.8914999,1,4,1
4,4,0.4382,0,119,23,0,0.01,0.319952982,619.8914999,1,4,1
4,4,0.4382,0,119,13,13,0.01,0.319952982,619.8914999,1,4,1
4,4,0.4382,0,119,28,28,0.02,0.319952982,619.8914999,1,4,1
2,1,0.5618,0,119,23,0,0,0.691678797,619.8914999,1,4,1
2,1,0.5618,0,119,13,13,0,0.691678797,619.8914999,1,4,1
2,1,0.5618,0,119,28,28,0.16,0.691678797,619.8914999,1,4,1
5,2,0.4382,0.01,119,23,0,0.1,0.521767331,619.8914999,1,4,1
5,2,0.4382,0.01,119,13,13,0.1,0.521767331,619.8914999,1,4,1
5,2,0.4382,0.01,119,28,28,0.07,0.521767331,619.8914999,1,4,1
3,2,0.4382,0.13,119,23,0,0.09,0.366500993,619.8914999,1,4,1
3,2,0.4382,0.13,119,13,13,0.09,0.366500993,619.8914999,1,4,1
3,2,0.4382,0.13,119,28,28,0.02,0.366500993,619.8914999,1,4,1
3,4,0.4382,0,119,23,0,0.48,0.655297504,915.9638194,1,4,2
3,4,0.4382,0,119,9,9,0.48,0.655297504,915.9638194,1,4,2
3,4,0.4382,0,119,4,4,0.48,0.655297504,915.9638194,1,4,2
3,4,0.4382,0,119,28,28,0.12,0.655297504,915.9638194,1,4,2
3,1,0.5618,0,119,23,0,0.03,0.551246034,619.8914999,1,4,1
3,1,0.5618,0,119,13,13,0.03,0.551246034,619.8914999,1,4,1
3,1,0.5618,0,119,28,28,0.01,0.551246034,619.8914999,1,4,1
5,3,0.4382,0,119,23,0,0.36,0.530034781,619.8914999,1,4,1
5,3,0.4382,0,119,13,13,0.36,0.530034781,619.8914999,1,4,1
5,3,0.4382,0,119,28,28,0.09,0.530034781,619.8914999,1,4,1
3,3,0.4382,0.03,119,23,0,0.04,0.87647799,619.8914999,1,4,1
3,3,0.4382,0.03,119,13,13,0.04,0.87647799,619.8914999,1,4,1
3,3,0.4382,0.03,119,28,28,0.14,0.87647799,619.8914999,1,4,1
3,1,0.5618,0,119,23,0,0,0.605086629,619.8914999,1,4,1
3,1,0.5618,0,119,13,13,0,0.605086629,619.8914999,1,4,1
3,1,0.5618,0,119,28,28,0,0.605086629,619.8914999,1,4,1
3,1,0.5618,0,119,23,0,0.01,1.095484706,619.8914999,1,4,1
3,1,0.5618,0,119,13,13,0.01,1.095484706,619.8914999,1,4,1
3,1,0.5618,0,119,28,28,0.04,1.095484706,619.8914999,1,4,1
4,4,0.4382,0,119,23,0,0.02,0.688031595,619.8914999,1,4,1
4,4,0.4382,0,119,13,13,0.02,0.688031595,619.8914999,1,4,1
4,4,0.4382,0,119,28,28,0.03,0.688031595,619.8914999,1,4,1
3,1,0.5618,0,119,23,0,0.01,0.538447999,619.8914999,1,4,1
3,1,0.5618,0,119,13,13,0.01,0.538447999,619.8914999,1,4,1
3,1,0.5618,0,119,28,28,0.02,0.538447999,619.8914999,1,4,1
5,1,0.5618,0,119,23,0,0,0.512052934,619.8914999,1,4,1
5,1,0.5618,0,119,13,13,0,0.512052934,619.8914999,1,4,1
5,1,0.5618,0,119,28,28,0.05,0.512052934,619.8914999,1,4,1
5,4,0.4382,0.01,119,23,0,0.02,0.261869343,619.8914999,1,4,1
5,4,0.4382,0.01,119,13,13,0.02,0.261869343,619.8914999,1,4,1
5,4,0.4382,0.01,119,28,28,0.13,0.261869343,619.8914999,1,4,1
3,3,0.4382,0,119,23,0,0,0.561837374,619.8914999,1,4,1
3,3,0.4382,0,119,13,13,0,0.561837374,619.8914999,1,4,1
3,3,0.4382,0,119,28,28,0,0.561837374,619.8914999,1,4,1
4,3,0.4382,0.0075,119,23,0,0.11,0.61022212,619.8914999,1,4,1
4,3,0.4382,0.0075,119,13,13,0.11,0.61022212,619.8914999,1,4,1
4,3,0.4382,0.0075,119,28,28,0.12,0.61022212,619.8914999,1,4,1
5,4,0.4382,0.38,81,30,0,0.38,1.114448138,681.5423948,1,3,1
5,4,0.4382,0.38,81,32,0,1,1.114448138,681.5423948,1,3,1
5,4,0.4382,0.38,81,18,18,0.99,1.114448138,681.5423948,1,3,1
5,4,0.4382,0.38,81,8,8,0.99,1.114448138,681.5423948,1,3,1
2,0,0.5618,0.01,104,10,0,0.01,1.510867318,161.6129119,1,4,0
2,0,0.5618,0.01,104,8,0,0.01,1.510867318,161.6129119,1,4,0
2,0,0.5618,0.01,104,6,6,0.01,1.510867318,161.6129119,1,4,0
2,0,0.5618,0.01,104,43,43,0.09,1.510867318,161.6129119,1,4,0
5,0,0.5618,0,119,4,0,0,0.901938258,1131.950133,1,4,1
5,0,0.5618,0,119,10,10,0.12,0.901938258,1131.950133,1,4,1
5,0,0.5618,0,119,7,7,0.12,0.901938258,1131.950133,1,4,1
5,0,0.5618,0,119,25,25,0.42,0.901938258,1131.950133,1,4,1
5,0,0.5618,0,119,8,8,0.42,0.901938258,1131.950133,1,4,1
5,0,0.5618,0,119,4,0,0,0.733884323,1131.950133,1,4,1
5,0,0.5618,0,119,10,10,0.12,0.733884323,1131.950133,1,4,1
5,0,0.5618,0,119,7,7,0.12,0.733884323,1131.950133,1,4,1
5,0,0.5618,0,119,25,25,0.42,0.733884323,1131.950133,1,4,1
5,0,0.5618,0,119,8,8,0.42,0.733884323,1131.950133,1,4,1
5,1,0.5618,0,81,32,0,0,0.777177878,98.14103419,1,3,0
5,1,0.5618,0,81,35,35,0,0.777177878,98.14103419,1,3,0
5,1,0.5618,0,81,24,24,0,0.777177878,98.14103419,1,3,0
2,3,0.4382,0.12,119,32,32,0.88,1.174129936,676.5237332,1,1,3
2,3,0.4382,0.12,119,2,0,0.88,1.174129936,676.5237332,1,1,3
2,3,0.4382,0.12,119,9,9,0.39,1.174129936,676.5237332,1,1,3
2,3,0.4382,0.12,119,19,19,0.39,1.174129936,676.5237332,1,1,3
4,0,0.5618,0.07,116,18,18,0.94,0.852552772,1733.358982,2,2,4
4,0,0.5618,0.07,116,7,0,0.94,0.852552772,1733.358982,2,2,4
4,0,0.5618,0.07,116,9,9,0.94,0.852552772,1733.358982,2,2,4
4,0,0.5618,0.07,116,4,4,0.94,0.852552772,1733.358982,2,2,4
4,0,0.5618,0.07,116,11,11,0.71,0.852552772,1733.358982,2,2,4
4,0,0.5618,0.07,116,11,0,0.71,0.852552772,1733.358982,2,2,4
4,0,0.5618,0.07,116,8,0,0.71,0.852552772,1733.358982,2,2,4
2,0,0.5618,0,116,10,0,0,1.330674252,1249.933725,2,5,0
2,0,0.5618,0,116,16,0,0.82,1.330674252,1249.933725,2,5,0
2,0,0.5618,0,116,12,0,0.82,1.330674252,1249.933725,2,5,0
2,0,0.5618,0,116,3,3,0.82,1.330674252,1249.933725,2,5,0
2,0,0.5618,0,116,7,0,0.36,1.330674252,1249.933725,2,5,0
2,0,0.5618,0,116,12,12,0.36,1.330674252,1249.933725,2,5,0
4,4,0.4382,0,99,7,0,0,1.096625316,1408.945203,2,4,3
4,4,0.4382,0,99,9,0,0,1.096625316,1408.945203,2,4,3
4,4,0.4382,0,99,10,0,0,1.096625316,1408.945203,2,4,3
4,4,0.4382,0,99,32,32,0.47,1.096625316,1408.945203,2,4,3
4,4,0.4382,0,99,7,7,0.14,1.096625316,1408.945203,2,4,3
4,4,0.4382,0,99,6,0,0.14,1.096625316,1408.945203,2,4,3
4,4,0.4382,0,99,6,0,0.14,1.096625316,1408.945203,2,4,3
4,4,0.4382,0,99,5,5,0.14,1.096625316,1408.945203,2,4,3
4,3,0.4382,0.06,99,17,0,0.06,1.115674445,792.2541996,0,4,2
4,3,0.4382,0.06,99,37,37,0.87,1.115674445,792.2541996,0,4,2
4,3,0.4382,0.06,99,11,0,1,1.115674445,792.2541996,0,4,2
1,0,0.5618,0,122,26,0,0,0.291252962,181.0814462,0,4,0
1,0,0.5618,0,122,11,0,0,0.291252962,181.0814462,0,4,0
1,0,0.5618,0,122,24,0,0,0.291252962,181.0814462,0,4,0
1,0,0.5618,0,122,26,0,0,0.096873391,181.0814462,0,4,0
1,0,0.5618,0,122,11,0,0,0.096873391,181.0814462,0,4,0
1,0,0.5618,0,122,24,0,0,0.096873391,181.0814462,0,4,0
3,3,0.4382,0,120,38,0,0,0.29472635,168.3684892,1,2,0
3,3,0.4382,0,120,28,28,0.01,0.29472635,168.3684892,1,2,0
2,4,0.4382,0,121,42,0,0,0.134876895,177.1819117,0,2,0
2,4,0.4382,0,121,42,0,0,0.254378486,177.1819117,0,2,0
5,3,0.4382,0,158,29,29,0.02,0.129802379,170.8254332,1,1,0
1,0,0.5618,0,122,26,0,0,0.408682006,174.7249677,0,3,0
1,0,0.5618,0,122,11,0,0,0.408682006,174.7249677,0,3,0
3,3,0.4382,0,120,38,0,0,0.413806898,168.3684892,1,2,0
3,3,0.4382,0,120,28,28,0,0.413806898,168.3684892,1,2,0
2,3,0.4382,0,120,38,0,0,0.264498038,168.3684892,1,2,0
2,3,0.4382,0,120,28,28,0,0.264498038,168.3684892,1,2,0
2,1,0.5618,0,125,30,0,0,0.248045624,177.1819117,0,2,0
4,2,0.4382,0,118,7,0,0,0.104922525,249.1928613,0,10,0
4,2,0.4382,0,118,8,0,0,0.104922525,249.1928613,0,10,0
4,2,0.4382,0,118,7,0,0,0.104922525,249.1928613,0,10,0
4,2,0.4382,0,118,13,0,0,0.104922525,249.1928613,0,10,0
4,2,0.4382,0,118,12,0,0,0.104922525,249.1928613,0,10,0
1,1,0.5618,0,111,7,0,0,0.400009472,94.34623708,0,9,0
1,1,0.5618,0,111,8,0,0,0.400009472,94.34623708,0,9,0
1,1,0.5618,0,111,6,0,0,0.400009472,94.34623708,0,9,0
1,1,0.5618,0,111,8,0,0,0.400009472,94.34623708,0,9,0
1,1,0.5618,0,111,7,0,0,0.400009472,94.34623708,0,9,0
1,1,0.5618,0,111,14,0,0,0.400009472,94.34623708,0,9,0
1,0,0.5618,0,111,7,0,0,0.679420389,94.34623708,0,9,0
1,0,0.5618,0,111,8,0,0,0.679420389,94.34623708,0,9,0
1,0,0.5618,0,111,6,0,0,0.679420389,94.34623708,0,9,0
1,0,0.5618,0,111,8,0,0,0.679420389,94.34623708,0,9,0
1,0,0.5618,0,111,7,0,0,0.679420389,94.34623708,0,9,0
1,0,0.5618,0,111,14,0,0,0.679420389,94.34623708,0,9,0
1,1,0.5618,0,119,21,0,0,1.113200842,43.9948793,0,4,0
1,1,0.5618,0,119,25,0,0,1.113200842,43.9948793,0,4,0
3,1,0.5618,0,119,16,0,0.01,1.096235428,43.9948793,0,4,0
3,1,0.5618,0,119,26,0,0,1.096235428,43.9948793,0,4,0
4,0,0.5618,0,118,9,0,0,0.48062908,172.6322107,0,8,0
4,0,0.5618,0,118,7,0,0.14,0.48062908,172.6322107,0,8,0
4,0,0.5618,0,118,8,0,0.14,0.48062908,172.6322107,0,8,0
4,0,0.5618,0,118,5,0,0.14,0.48062908,172.6322107,0,8,0
4,0,0.5618,0,118,15,0,0.16,0.48062908,172.6322107,0,8,0
2,0,0.5618,0,118,9,0,0,0.784364766,172.6322107,0,8,0
2,0,0.5618,0,118,7,0,0.08,0.784364766,172.6322107,0,8,0
2,0,0.5618,0,118,8,0,0.08,0.784364766,172.6322107,0,8,0
2,0,0.5618,0,118,8,0,0.08,0.784364766,172.6322107,0,8,0
2,0,0.5618,0,118,7,0,0.08,0.784364766,172.6322107,0,8,0
1,0,0.5618,0,118,8,0,0,1.011787772,226.4008618,0,8,0
1,0,0.5618,0,118,7,0,0.07,1.011787772,226.4008618,0,8,0
1,0,0.5618,0,118,8,0,0.07,1.011787772,226.4008618,0,8,0
1,0,0.5618,0,118,5,0,0.07,1.011787772,226.4008618,0,8,0
1,0,0.5618,0,118,12,0,0.07,1.011787772,226.4008618,0,8,0
4,0,0.5618,0,118,9,0,0,0.611859038,154.6075701,0,7,0
4,0,0.5618,0,118,8,0,0.1,0.611859038,154.6075701,0,7,0
4,0,0.5618,0,118,7,0,0.1,0.611859038,154.6075701,0,7,0
4,0,0.5618,0,118,8,0,0.1,0.611859038,154.6075701,0,7,0
4,0,0.5618,0,118,12,0,0,0.611859038,154.6075701,0,7,0
2,0,0.5618,0,140,22,0,0.43,0.218963416,588.623628,1,3,0
2,0,0.5618,0,140,20,20,0.43,0.218963416,588.623628,1,3,0
2,0,0.5618,0,140,22,0,0,0.210548906,588.623628,1,3,0
2,0,0.5618,0,140,20,20,0,0.210548906,588.623628,1,3,0
3,4,0.4382,0,140,22,0,0.19,0.115535965,588.623628,1,3,0
3,4,0.4382,0,140,20,20,0.19,0.115535965,588.623628,1,3,0
2,0,0.5618,0,140,22,0,0.43,0.335243367,588.623628,1,3,0
2,0,0.5618,0,140,20,20,0.43,0.335243367,588.623628,1,3,0
1,3,0.4382,0,140,27,0,0.02,0.514163898,390.5186827,0,3,0
2,0,0.5618,0,140,27,0,0.18,0.500181264,360.1029869,0,2,0
3,1,0.5618,0,140,27,0,0,0.554174006,205.3100205,0,3,0
1,3,0.4382,0,140,22,0,0,0.539070112,390.5186827,0,3,0
2,3,0.4382,0,140,27,0,0,0.474003071,205.3100205,0,3,0
3,1,0.5618,0,140,27,0,0,0.523928795,352.218298,0,3,0
1,4,0.4382,0,133,1,0,0,0.533105746,615.672063,2,6,0
1,4,0.4382,0,133,22,22,0,0.533105746,615.672063,2,6,0
1,4,0.4382,0,133,7,0,0.01,0.533105746,615.672063,2,6,0
1,4,0.4382,0,133,20,20,0.01,0.533105746,615.672063,2,6,0
1,4,0.4382,0,133,1,0,0.01,0.533105746,615.672063,2,6,0
1,2,0.4382,0,133,1,0,0,0.456607654,611.7720583,2,4,1
1,2,0.4382,0,133,22,22,0,0.456607654,611.7720583,2,4,1
1,2,0.4382,0,133,7,0,0,0.456607654,611.7720583,2,4,1
1,2,0.4382,0,133,17,17,0,0.456607654,611.7720583,2,4,1
2,1,0.5618,0,133,1,0,0,0.815123618,611.7720583,2,4,1
2,1,0.5618,0,133,22,22,0,0.815123618,611.7720583,2,4,1
2,1,0.5618,0,133,7,0,0.02,0.815123618,611.7720583,2,4,1
2,1,0.5618,0,133,17,17,0.02,0.815123618,611.7720583,2,4,1
1,0,0.5618,0,133,1,0,0,1.014085752,231.1559311,2,4,0
1,0,0.5618,0,133,21,21,0,1.014085752,231.1559311,2,4,0
1,0,0.5618,0,133,8,0,0,1.014085752,231.1559311,2,4,0
3,1,0.5618,0,132,1,0,0.01,2.081535014,707.7860817,2,5,0
3,1,0.5618,0,132,22,22,0.01,2.081535014,707.7860817,2,5,0
3,1,0.5618,0,132,13,0,0.02,2.081535014,707.7860817,2,5,0
3,1,0.5618,0,132,15,15,0.02,2.081535014,707.7860817,2,5,0
2,3,0.4382,0,135,19,19,0.05,0.768801306,410.0667605,2,3,0
2,3,0.4382,0,135,9,0,0.041237113,0.768801306,410.0667605,2,3,0
2,3,0.4382,0,135,18,18,0.041237113,0.768801306,410.0667605,2,3,0
1,3,0.4382,0,127,7,0,0.01,0.817236198,556.4118187,1,4,1
1,3,0.4382,0,127,1,0,0.01,0.817236198,556.4118187,1,4,1
1,3,0.4382,0,127,28,28,0,0.817236198,556.4118187,1,4,1
1,3,0.4382,0,127,17,17,0,0.817236198,556.4118187,1,4,1
2,3,0.4382,0,154,9,0,0.01,1.295197419,484.7595319,2,0,0
1,3,0.4382,0,127,27,27,0.04,0.75082466,841.2732996,2,3,0
1,3,0.4382,0,127,9,0,0.03,0.75082466,841.2732996,2,3,0
1,3,0.4382,0,127,18,18,0.03,0.75082466,841.2732996,2,3,0
1,1,0.5618,0,127,8,0,0,0.68640035,428.0914011,2,6,0
1,1,0.5618,0,127,7,0,0,0.68640035,428.0914011,2,6,0
1,1,0.5618,0,127,12,12,0,0.68640035,428.0914011,2,6,0
1,1,0.5618,0,127,9,0,0.01,0.68640035,428.0914011,2,6,0
1,1,0.5618,0,127,20,20,0.01,0.68640035,428.0914011,2,6,0
3,1,0.5618,0,155,12,0,0,0.795407294,403.710282,2,2,0
3,1,0.5618,0,155,15,15,0,0.795407294,403.710282,2,2,0
3,1,0.5618,0,155,1,0,0,0.795407294,403.710282,2,2,0
1,3,0.4382,0,127,28,28,0.02,0.789716499,653.3501499,2,3,0
1,3,0.4382,0,127,13,0,0.05,0.789716499,653.3501499,2,3,0
1,3,0.4382,0,127,13,13,0.05,0.789716499,653.3501499,2,3,0
2,3,0.4382,0,127,5,0,0,1.302837064,706.076121,2,4,1
2,3,0.4382,0,127,23,23,0,1.302837064,706.076121,2,4,1
2,3,0.4382,0,127,13,0,0.05,1.302837064,706.076121,2,4,1
2,3,0.4382,0,127,12,12,0.05,1.302837064,706.076121,2,4,1
2,3,0.4382,0,135,1,0,0.03,1.035370771,425.4355593,2,5,0
2,3,0.4382,0,135,18,18,0.03,1.035370771,425.4355593,2,5,0
2,3,0.4382,0,135,14,0,0.02,1.035370771,425.4355593,2,5,0
2,3,0.4382,0,135,14,14,0.02,1.035370771,425.4355593,2,5,0
5,3,0.4382,0,156,24,24,0.04,1.211704857,156.7425463,1,1,0
2,3,0.4382,0,136,18,18,0.05,0.854174425,403.710282,2,2,0
2,3,0.4382,0,136,14,0,0.06,0.854174425,403.710282,2,2,0
2,3,0.4382,0,136,14,14,0.06,0.854174425,403.710282,2,2,0
2,0,0.5618,0,132,1,0,0.03,1.275062356,563.0729214,3,4,1
2,0,0.5618,0,132,22,22,0.03,1.275062356,563.0729214,3,4,1
2,0,0.5618,0,132,13,0,0,1.275062356,563.0729214,3,4,1
2,0,0.5618,0,132,1,0,0,1.275062356,563.0729214,3,4,1
2,0,0.5618,0,132,13,13,0,1.275062356,563.0729214,3,4,1
1,0,0.5618,0,132,22,22,0,1.107191998,227.9776918,2,3,0
1,0,0.5618,0,132,14,0,0,1.107191998,227.9776918,2,3,0
1,0,0.5618,0,132,15,15,0,1.107191998,227.9776918,2,3,0
3,3,0.4382,0,132,22,22,0.01,1.257164537,406.8885213,2,3,0
3,3,0.4382,0,132,14,0,0.03,1.257164537,406.8885213,2,3,0
3,3,0.4382,0,132,16,16,0.03,1.257164537,406.8885213,2,3,0
4,1,0.5618,0,132,22,22,0.01,0.932368947,307.0928654,2,2,0
4,1,0.5618,0,132,14,0,0,0.932368947,307.0928654,2,2,0
2,3,0.4382,0.04,135,19,19,0.13,1.577710192,410.0667605,2,3,0
2,3,0.4382,0.04,135,10,0,0.16,1.577710192,410.0667605,2,3,0
2,3,0.4382,0.04,135,17,17,0.16,1.577710192,410.0667605,2,3,0
1,3,0.4382,0,132,22,22,0,1.502946894,644.3378296,2,2,0
1,3,0.4382,0,132,13,0,0.01,1.502946894,644.3378296,2,2,0
1,1,0.5618,0,132,22,22,0,1.405993859,747.3117247,2,2,1
1,1,0.5618,0,132,13,0,0,1.405993859,747.3117247,2,2,1
1,1,0.5618,0,132,13,13,0,1.405993859,747.3117247,2,2,1
3,3,0.4382,0,134,21,21,0,0.758565913,500.8500961,2,3,0
3,3,0.4382,0,134,8,0,0.02,0.758565913,500.8500961,2,3,0
3,3,0.4382,0,134,21,21,0.02,0.758565913,500.8500961,2,3,0
4,4,0.4382,0,134,21,21,0,0.73736175,406.8885213,2,3,0
4,4,0.4382,0,134,8,0,0,0.73736175,406.8885213,2,3,0
4,4,0.4382,0,134,21,21,0,0.73736175,406.8885213,2,3,0
1,0,0.5618,0,134,21,21,0,0.694690057,218.9653716,2,2,0
1,0,0.5618,0,134,8,0,0,0.694690057,218.9653716,2,2,0
4,0,0.5618,0,120,15,0,0.28,1.089951281,393.2230045,0,6,0
4,0,0.5618,0,120,7,0,0.28,1.089951281,393.2230045,0,6,0
4,0,0.5618,0,120,12,0,0.28,1.089951281,393.2230045,0,6,0
3,0,0.5618,0,121,21,0,1,1.127567781,404.8911665,0,5,0
3,0,0.5618,0,121,12,0,1,1.127567781,404.8911665,0,5,0
4,1,0.5618,0,120,12,0,0,1.046873148,264.9944838,0,6,0
4,1,0.5618,0,120,10,0,0,1.046873148,264.9944838,0,6,0
4,1,0.5618,0,120,15,0,0,1.046873148,264.9944838,0,6,0
3,3,0.4382,0.01,120,14,0,0.02,1.344396145,405.8100852,0,5,1
3,3,0.4382,0.01,120,9,0,0.02,1.344396145,405.8100852,0,5,1
3,3,0.4382,0.01,120,13,0,0.02,1.344396145,405.8100852,0,5,1
3,3,0.4382,0.01,120,16,16,0.06,1.344396145,405.8100852,0,5,1
4,3,0.4382,0,120,13,0,0.01,1.182142327,261.8162446,0,6,0
4,3,0.4382,0,120,9,0,0.01,1.182142327,261.8162446,0,6,0
4,3,0.4382,0,120,14,0,0.01,1.182142327,261.8162446,0,6,0
1,0,0.5618,0,121,12,0,0.4,1.127703028,588.5002854,0,5,2
1,0,0.5618,0,121,10,0,0.4,1.127703028,588.5002854,0,5,2
1,0,0.5618,0,121,13,0,0.4,1.127703028,588.5002854,0,5,2
1,0,0.5618,0,121,16,16,0.12,1.127703028,588.5002854,0,5,2
1,0,0.5618,0,121,10,0,0.12,1.127703028,588.5002854,0,5,2
4,0,0.5618,0,121,11,0,0.75,1.09015268,740.5787643,0,6,2
4,0,0.5618,0,121,9,0,0.75,1.09015268,740.5787643,0,6,2
4,0,0.5618,0,121,12,0,0.75,1.09015268,740.5787643,0,6,2
4,0,0.5618,0,121,19,19,0.36,1.09015268,740.5787643,0,6,2
4,0,0.5618,0,121,11,0,0.36,1.09015268,740.5787643,0,6,2
3,0,0.5618,0,121,11,0,0.49,1.368792438,740.5787643,0,6,2
3,0,0.5618,0,121,9,0,0.49,1.368792438,740.5787643,0,6,2
3,0,0.5618,0,121,12,0,0.49,1.368792438,740.5787643,0,6,2
3,0,0.5618,0,121,19,19,0.48,1.368792438,740.5787643,0,6,2
3,0,0.5618,0,121,11,0,0.48,1.368792438,740.5787643,0,6,2
4,4,0.4382,0,119,14,0,0.01,0.841265715,570.4756448,0,5,2
4,4,0.4382,0,119,10,0,0.01,0.841265715,570.4756448,0,5,2
4,4,0.4382,0,119,13,0,0.01,0.841265715,570.4756448,0,5,2
4,4,0.4382,0,119,13,13,0,0.841265715,570.4756448,0,5,2
4,4,0.4382,0,119,12,0,0,0.841265715,570.4756448,0,5,2
3,0,0.5618,0,121,14,0,0.89,1.357242363,570.4756448,0,5,2
3,0,0.5618,0,121,7,0,0.89,1.357242363,570.4756448,0,5,2
3,0,0.5618,0,121,13,0,0.89,1.357242363,570.4756448,0,5,2
3,0,0.5618,0,121,15,15,0.22,1.357242363,570.4756448,0,5,2
3,0,0.5618,0,121,11,0,0.22,1.357242363,570.4756448,0,5,2
5,3,0.4382,0.01,127,8,0,0.09,1.219556316,200.4894405,0,6,0
5,3,0.4382,0.01,127,8,0,0.09,1.219556316,200.4894405,0,6,0
5,3,0.4382,0.01,127,25,0,0.1,1.219556316,200.4894405,0,6,0
5,3,0.4382,0.01,127,13,0,0.1,1.219556316,200.4894405,0,6,0
5,0,0.5618,0.03,120,15,0,0.3,1.202597746,393.2230045,0,6,0
5,0,0.5618,0.03,120,7,0,0.3,1.202597746,393.2230045,0,6,0
5,0,0.5618,0.03,120,12,0,0.3,1.202597746,393.2230045,0,6,0
5,3,0.4382,0,97,23,0,0,1.183933039,498.6409668,0,8,1
5,3,0.4382,0,97,13,0,0.08,1.183933039,498.6409668,0,8,1
5,3,0.4382,0,97,8,0,0.08,1.183933039,498.6409668,0,8,1
5,3,0.4382,0,97,14,0,0.08,1.183933039,498.6409668,0,8,1
5,3,0.4382,0,97,14,0,0.07,1.183933039,498.6409668,0,8,1
5,3,0.4382,0,97,12,12,0.07,1.183933039,498.6409668,0,8,1
2,0,0.5618,0.2,121,14,0,1,1.106374549,1014.380015,0,7,3
2,0,0.5618,0.2,121,7,0,1,1.106374549,1014.380015,0,7,3
2,0,0.5618,0.2,121,10,0,1,1.106374549,1014.380015,0,7,3
2,0,0.5618,0.2,121,3,0,1,1.106374549,1014.380015,0,7,3
2,0,0.5618,0.2,121,14,14,0.89,1.106374549,1014.380015,0,7,3
2,0,0.5618,0.2,121,3,0,0.89,1.106374549,1014.380015,0,7,3
2,0,0.5618,0.2,121,11,0,0.89,1.106374549,1014.380015,0,7,3
5,1,0.528606194,0,127,16,0,0,0.047371922,500.4240659,3,0,0
5,1,0.528606194,0,127,30,0,0,0.047371922,500.4240659,3,0,0
5,4,0.471393806,0,127,16,0,0,0.054975306,500.4240659,3,0,0
5,4,0.471393806,0,127,30,0,0,0.054975306,500.4240659,3,0,0
5,4,0.471393806,0,127,16,0,0,0.132077271,500.4240659,3,0,0
5,4,0.471393806,0,127,30,0,0,0.132077271,500.4240659,3,0,0
5,2,0.471393806,0,127,16,0,0,0.082573669,500.4240659,3,0,0
5,2,0.471393806,0,127,30,0,0,0.082573669,500.4240659,3,0,0
4,1,0.528606194,0,127,16,0,0.01,0.145479509,500.4240659,3,0,0
4,1,0.528606194,0,127,30,0,0,0.145479509,500.4240659,3,0,0
5,1,0.528606194,0,127,16,0,0,0.24805111,500.4240659,3,0,0
5,1,0.528606194,0,127,30,0,0,0.24805111,500.4240659,3,0,0
5,4,0.471393806,0,127,16,0,0,0.114683039,500.4240659,3,0,0
5,4,0.471393806,0,127,30,0,0,0.114683039,500.4240659,3,0,0
5,1,0.528606194,0.005,127,16,0,0.24,0.371217999,500.4240659,3,0,0
5,1,0.528606194,0.005,127,30,0,0.03,0.371217999,500.4240659,3,0,0
4,2,0.471393806,0.01,127,16,0,0.6,0.205867819,500.4240659,3,0,0
4,2,0.471393806,0.01,127,30,0,0,0.205867819,500.4240659,3,0,0
5,2,0.471393806,0,127,16,0,0.08,0.166157919,500.4240659,3,0,0
5,2,0.471393806,0,127,30,0,0.08,0.166157919,500.4240659,3,0,0
5,4,0.471393806,0,127,16,0,0.15,0.159553119,500.4240659,3,0,0
5,4,0.471393806,0,127,30,0,0,0.159553119,500.4240659,3,0,0
4,3,0.471393806,0,127,16,0,0.03,0.221709843,500.4240659,3,0,0
4,3,0.471393806,0,127,30,0,0,0.221709843,500.4240659,3,0,0
3,3,0.471393806,0,127,16,0,0.35,0.359683197,500.4240659,3,0,0
3,3,0.471393806,0,127,30,0,0.09,0.359683197,500.4240659,3,0,0
5,1,0.528606194,0,127,16,0,0,0.235769041,500.4240659,3,0,0
5,1,0.528606194,0,127,30,0,0,0.235769041,500.4240659,3,0,0
5,4,0.471393806,0,127,16,0,0,0.211228655,500.4240659,3,0,0
5,4,0.471393806,0,127,30,0,0,0.211228655,500.4240659,3,0,0
5,1,0.528606194,0,127,16,0,0,0.284982425,500.4240659,3,0,0
5,1,0.528606194,0,127,30,0,0,0.284982425,500.4240659,3,0,0
5,1,0.528606194,0,127,16,0,0,0.258815449,500.4240659,3,0,0
5,1,0.528606194,0,127,30,0,0,0.258815449,500.4240659,3,0,0
5,4,0.471393806,0,127,16,0,0,0.114807358,500.4240659,3,0,0
5,4,0.471393806,0,127,30,0,0,0.114807358,500.4240659,3,0,0
5,3,0.471393806,0,127,16,0,0,0.153531253,500.4240659,3,0,0
5,3,0.471393806,0,127,30,0,0,0.153531253,500.4240659,3,0,0
5,3,0.471393806,0,127,16,0,0,0.150484609,500.4240659,3,0,0
5,3,0.471393806,0,127,30,0,0,0.150484609,500.4240659,3,0,0
4,4,0.471393806,0,66,32,0,0,0.455635824,539.9247255,0,6,1
4,4,0.471393806,0,66,13,0,0,0.455635824,539.9247255,0,6,1
4,4,0.471393806,0,66,22,0,0.03,0.455635824,539.9247255,0,6,1
4,4,0.471393806,0,66,10,0,0.03,0.455635824,539.9247255,0,6,1
4,4,0.471393806,0,66,28,28,0.8,0.455635824,539.9247255,0,6,1
5,0,0.528606194,0,70,36,0,0,0.701992809,599.2147682,0,5,1
5,0,0.528606194,0,70,14,0,0,0.701992809,599.2147682,0,5,1
5,0,0.528606194,0,70,5,0,0.03,0.701992809,599.2147682,0,5,1
5,0,0.528606194,0,70,39,39,0.11,0.701992809,599.2147682,0,5,1
3,0,0.528606194,0,116,10,0,0,0.386007164,342.3716547,1,2,0
3,0,0.528606194,0,116,36,36,0.01,0.386007164,342.3716547,1,2,0
2,0,0.528606194,0,116,10,0,0.02,0.285186114,342.3716547,1,2,0
2,0,0.528606194,0,116,36,36,0,0.285186114,342.3716547,1,2,0
3,1,0.528606194,0,65,47,0,0,0.373010825,184.095108,1,4,0
3,1,0.528606194,0,65,8,0,0,0.373010825,184.095108,1,4,0
3,1,0.528606194,0,65,37,37,0,0.373010825,184.095108,1,4,0
4,3,0.471393806,0,106,10,0,0,0.530817873,179.6358645,1,2,0
4,3,0.471393806,0,106,48,48,0.02,0.530817873,179.6358645,1,2,0
5,0,0.528606194,0,134,12,12,0.37,0.397753228,570.307844,2,1,0
5,0,0.528606194,0,134,28,0,1,0.397753228,570.307844,2,1,0
2,0,0.528606194,0,113,11,0,0,0.594875221,612.7690768,1,4,1
2,0,0.528606194,0,113,23,23,0.98,0.594875221,612.7690768,1,4,1
2,0,0.528606194,0,113,20,20,0.59,0.594875221,612.7690768,1,4,1
2,0,0.528606194,0,113,8,8,0.59,0.594875221,612.7690768,1,4,1
4,4,0.471393806,0,64,44,0,0,0.44435778,414.8277383,2,4,0
4,4,0.471393806,0,64,13,0,0,0.44435778,414.8277383,2,4,0
4,4,0.471393806,0,64,28,28,0.3,0.44435778,414.8277383,2,4,0
4,4,0.471393806,0,64,17,0,0.9,0.44435778,414.8277383,2,4,0
5,3,0.471393806,0,64,44,0,0,0.508815606,414.8277383,2,4,0
5,3,0.471393806,0,64,13,0,0,0.508815606,414.8277383,2,4,0
5,3,0.471393806,0,64,28,28,0.22,0.508815606,414.8277383,2,4,0
5,3,0.471393806,0,64,17,0,1,0.508815606,414.8277383,2,4,0
4,4,0.471393806,0,64,44,0,0,0.435737029,414.8277383,2,4,0
4,4,0.471393806,0,64,13,0,0,0.435737029,414.8277383,2,4,0
4,4,0.471393806,0,64,28,28,0.17,0.435737029,414.8277383,2,4,0
4,4,0.471393806,0,64,17,0,0.03,0.435737029,414.8277383,2,4,0
5,3,0.471393806,0,89,60,60,0,0.271857636,254.7508504,1,2,0
5,3,0.471393806,0,89,26,26,0,0.271857636,254.7508504,1,2,0
5,3,0.471393806,0,89,54,0,0,0.22076754,272.775491,1,3,0
5,3,0.471393806,0,89,6,6,0,0.22076754,272.775491,1,3,0
5,3,0.471393806,0,89,26,26,0,0.22076754,272.775491,1,3,0
5,1,0.528606194,0,89,54,0,0,0.232492952,272.775491,1,3,0
5,1,0.528606194,0,89,6,6,0,0.232492952,272.775491,1,3,0
5,1,0.528606194,0,89,26,26,0.01,0.232492952,272.775491,1,3,0
5,3,0.471393806,0,89,54,0,0,0.248001733,272.775491,1,3,0
5,3,0.471393806,0,89,6,6,0,0.248001733,272.775491,1,3,0
5,3,0.471393806,0,89,26,26,0,0.248001733,272.775491,1,3,0
2,0,0.528606194,0,118,26,0,0,0.087017085,182.5706301,0,2,0
1,0,0.528606194,0,118,26,0,0,0.034078389,182.5706301,0,2,0
1,3,0.471393806,0,132,20,20,0,0.117389251,126.5299553,1,1,0
1,4,0.471393806,0,125,42,0,0,0.071900931,141.4533914,0,2,0
1,4,0.471393806,0,129,50,50,0,0.165049787,120.8947721,0,1,1
1,0,0.528606194,0,129,50,50,0,0.129624584,120.8947721,0,1,1
3,3,0.471393806,0,112,19,0,0.01,0.048113177,185.5205038,1,2,0
3,3,0.471393806,0,112,33,33,0,0.048113177,185.5205038,1,2,0
2,0,0.528606194,0,118,26,0,0,0.142973613,182.5706301,0,2,0
1,3,0.471393806,0,132,20,20,0,0.145218558,126.5299553,1,1,0
1,3,0.471393806,0,132,20,20,0,0.119971637,126.5299553,1,1,0
4,1,0.528606194,0,113,16,0,0,0.229947902,137.1272543,0,3,0
4,1,0.528606194,0,113,11,0,0,0.229947902,137.1272543,0,3,0
4,1,0.528606194,0,114,15,0,0,0.185790139,137.1272543,0,3,0
4,1,0.528606194,0,114,11,0,0,0.185790139,137.1272543,0,3,0
3,3,0.471393806,0,113,16,0,0,0.163674139,137.1272543,0,3,0
3,3,0.471393806,0,113,11,0,0,0.163674139,137.1272543,0,3,0
4,0,0.528606194,0,115,28,0,0,0.312148547,36.04928118,0,2,0
3,0,0.528606194,0,129,11,0,0.01,0.181337283,388.79704,1,2,2
3,0,0.528606194,0,129,3,3,0.01,0.181337283,388.79704,1,2,2
3,0,0.528606194,0,129,12,12,0,0.181337283,388.79704,1,2,2
3,0,0.528606194,0,129,15,0,0,0.181337283,388.79704,1,2,2
3,0,0.528606194,0,130,11,0,0.01,0.281139112,405.6789439,0,2,3
3,0,0.528606194,0,130,2,2,0.01,0.281139112,405.6789439,0,2,3
3,0,0.528606194,0,130,13,0,0.02,0.281139112,405.6789439,0,2,3
3,0,0.528606194,0,130,19,0,0.02,0.281139112,405.6789439,0,2,3
2,0,0.528606194,0,128,7,0,0.61,0.401299263,520.0141987,0,2,3
2,0,0.528606194,0,128,9,9,0.61,0.401299263,520.0141987,0,2,3
2,0,0.528606194,0,128,11,0,0.02,0.401299263,520.0141987,0,2,3
2,0,0.528606194,0,128,19,0,0.02,0.401299263,520.0141987,0,2,3
3,0,0.528606194,0,129,12,0,0.71,0.249731048,405.6789439,0,2,3
3,0,0.528606194,0,129,2,2,0.71,0.249731048,405.6789439,0,2,3
3,0,0.528606194,0,129,13,0,0.09,0.249731048,405.6789439,0,2,3
3,0,0.528606194,0,129,13,0,0.09,0.249731048,405.6789439,0,2,3
5,3,0.471393806,0,113,1,0,0,0.209990998,155.1518949,0,4,0
5,3,0.471393806,0,113,15,0,0,0.209990998,155.1518949,0,4,0
5,3,0.471393806,0,113,11,0,0,0.209990998,155.1518949,0,4,0
2,0,0.528606194,0,155,25,25,0.11,0.084995273,241.8024216,1,2,0
2,0,0.528606194,0,155,25,25,0,0.080787009,241.8024216,1,2,0
1,4,0.471393806,0,155,25,25,0.04,0.046067179,241.8024216,1,2,0
1,0,0.528606194,0,155,25,25,0.01,0.115189692,241.8024216,1,2,0
2,3,0.471393806,0,157,23,23,0,0.157244309,261.6240067,1,1,0
1,0,0.528606194,0,159,21,21,0.01,0.149916408,261.6240067,1,1,0
2,1,0.528606194,0,155,25,25,0.01,0.160646588,87.00945516,1,1,0
2,0,0.528606194,0,159,21,21,0,0.14894578,261.6240067,1,1,0
2,3,0.471393806,0,157,23,23,0,0.16413213,87.00945516,1,1,0
2,3,0.471393806,0,156,24,24,0,0.15287662,241.8024216,1,2,0
3,1,0.528606194,0,156,24,24,0,0.162148664,147.8408467,1,2,0
5,4,0.471393806,0,135,12,12,0,0.191513203,119.1967926,1,2,0
5,4,0.471393806,0,135,26,0,0,0.191513203,119.1967926,1,2,0
5,2,0.471393806,0,135,11,11,0,0.164091056,213.1583674,1,2,0
5,2,0.471393806,0,135,27,0,0,0.164091056,213.1583674,1,2,0
5,1,0.528606194,0,135,12,12,0,0.316752844,213.1583674,1,2,0
5,1,0.528606194,0,135,26,0,0,0.316752844,213.1583674,1,2,0
5,0,0.528606194,0,138,9,9,0,0.429582903,119.1967926,1,2,0
5,0,0.528606194,0,138,27,0,0,0.429582903,119.1967926,1,2,0
2,1,0.528606194,0,90,2,0,0,0.878358026,339.9061906,1,4,0
2,1,0.528606194,0,90,46,46,0,0.878358026,339.9061906,1,4,0
2,1,0.528606194,0,90,9,9,0,0.878358026,339.9061906,1,4,0
2,1,0.528606194,0,90,23,0,0,0.878358026,339.9061906,1,4,0
4,3,0.471393806,0,140,14,14,0,0.261137496,262.6953127,1,2,0
4,3,0.471393806,0,140,19,0,0,0.261137496,262.6953127,1,2,0
5,3,0.471393806,0,135,11,11,0,0.330517252,213.1583674,1,2,0
5,3,0.471393806,0,135,24,0,0,0.330517252,213.1583674,1,2,0
5,3,0.471393806,0,138,8,8,0,0.505807957,312.2322579,1,2,0
5,3,0.471393806,0,138,24,0,0,0.505807957,312.2322579,1,2,0
5,3,0.471393806,0,150,20,0,0,0.289275329,253.3512912,0,2,0
3,1,0.528606194,0,89,1,0,0,0.299804955,339.9061906,1,4,0
3,1,0.528606194,0,89,48,48,0,0.299804955,339.9061906,1,4,0
3,1,0.528606194,0,89,9,9,0,0.299804955,339.9061906,1,4,0
3,1,0.528606194,0,89,23,0,0,0.299804955,339.9061906,1,4,0
3,1,0.528606194,0,89,49,49,0,0.269577049,303.8569094,1,3,0
3,1,0.528606194,0,89,9,9,0,0.269577049,303.8569094,1,3,0
3,1,0.528606194,0,89,24,0,0,0.269577049,303.8569094,1,3,0
4,3,0.471393806,0,135,11,11,0,0.488592676,312.2322579,1,2,0
4,3,0.471393806,0,135,27,0,0,0.488592676,312.2322579,1,2,0
1,3,0.471393806,0,138,11,11,0,0.268784808,267.8076282,1,2,0
1,3,0.471393806,0,138,22,0,0,0.268784808,267.8076282,1,2,0
1,1,0.528606194,0,149,22,0,0,0.338545011,214.0389771,0,2,0
5,3,0.471393806,0,140,14,14,0,0.399776509,262.6953127,1,2,0
5,3,0.471393806,0,140,20,0,0,0.399776509,262.6953127,1,2,0
1,3,0.471393806,0,138,11,11,0,0.451611367,262.6953127,1,2,0
1,3,0.471393806,0,138,22,0,0,0.451611367,262.6953127,1,2,0
5,3,0.471393806,0,138,35,35,0,0.299840845,246.8041164,1,1,0
3,0,0.528606194,0,138,11,11,0,0.431160305,119.1967926,1,2,0
3,0,0.528606194,0,138,21,0,0,0.431160305,119.1967926,1,2,0
5,0,0.528606194,0,89,49,49,0,0.415919451,204.783019,1,3,0
5,0,0.528606194,0,89,11,11,0,0.415919451,204.783019,1,3,0
5,0,0.528606194,0,89,21,0,0,0.415919451,204.783019,1,3,0
4,3,0.471393806,0,138,9,9,0,0.486052465,168.7337378,1,2,0
4,3,0.471393806,0,138,24,0,0,0.486052465,168.7337378,1,2,0
4,1,0.528606194,0,135,11,11,0,0.314636461,119.1967926,1,1,0
5,3,0.471393806,0,154,19,0,0,0.691417846,208.9266615,0,2,0
5,3,0.471393806,0,135,11,11,0,0.645181294,213.1583674,1,2,0
5,3,0.471393806,0,135,25,0,0,0.645181294,213.1583674,1,2,0
5,1,0.528606194,0,138,11,11,0,0.58665118,468.4258957,1,2,0
5,1,0.528606194,0,138,22,0,0,0.58665118,468.4258957,1,2,0
5,4,0.471393806,0,86,1,0,0,0.183311249,235.7199846,1,3,0
5,4,0.471393806,0,86,53,53,0,0.183311249,235.7199846,1,3,0
5,4,0.471393806,0,86,9,9,0,0.183311249,235.7199846,1,3,0
5,0,0.528606194,0,86,1,0,0,0.17795979,141.7584097,1,3,0
5,0,0.528606194,0,86,53,53,0,0.17795979,141.7584097,1,3,0
5,0,0.528606194,0,86,9,9,0,0.17795979,141.7584097,1,3,0
5,3,0.471393806,0,86,1,0,0,0.165623404,235.7199846,1,3,0
5,3,0.471393806,0,86,53,53,0,0.165623404,235.7199846,1,3,0
5,3,0.471393806,0,86,9,9,0,0.165623404,235.7199846,1,3,0
5,3,0.471393806,0,141,14,14,0,0.24888588,213.1583674,1,1,0
2,0,0.528606194,0,89,1,0,0,0.23889578,235.7199846,1,3,0
2,0,0.528606194,0,89,48,48,0,0.23889578,235.7199846,1,3,0
2,0,0.528606194,0,89,11,11,0,0.23889578,235.7199846,1,3,0
5,4,0.471393806,0,127,19,0,0,0.203442908,378.0927651,0,3,0
5,4,0.471393806,0,127,16,0,0,0.203442908,378.0927651,0,3,0
5,0,0.528606194,0,114,32,0,0,0.125221241,273.1582812,0,3,0
5,0,0.528606194,0,114,6,0,0,0.125221241,273.1582812,0,3,0
4,2,0.471393806,0,118,10,0,0.1,0.384688371,648.2576291,2,5,0
4,2,0.471393806,0,118,12,0,0.1,0.384688371,648.2576291,2,5,0
4,2,0.471393806,0,118,16,0,0.12,0.384688371,648.2576291,2,5,0
4,2,0.471393806,0,118,11,11,0.12,0.384688371,648.2576291,2,5,0
4,2,0.471393806,0,118,13,0,0.12,0.384688371,648.2576291,2,5,0
4,0,0.528606194,0,121,6,0,0.01,0.431241242,347.8656788,1,4,0
4,0,0.528606194,0,121,14,0,0.01,0.431241242,347.8656788,1,4,0
4,0,0.528606194,0,121,15,0,0.39,0.431241242,347.8656788,1,4,0
4,0,0.528606194,0,121,24,24,0.39,0.431241242,347.8656788,1,4,0
3,1,0.528606194,0,121,7,0,0,0.391522581,347.8656788,1,4,0
3,1,0.528606194,0,121,13,0,0,0.391522581,347.8656788,1,4,0
3,1,0.528606194,0,121,15,0,0,0.391522581,347.8656788,1,4,0
3,1,0.528606194,0,121,24,24,0,0.391522581,347.8656788,1,4,0
2,3,0.471393806,0,126,15,0,0.01,0.426569073,311.8163976,0,3,0
2,3,0.471393806,0,126,15,0,0.11,0.426569073,311.8163976,0,3,0
3,3,0.471393806,0,127,15,0,0,0.347170206,311.8163976,0,3,0
3,3,0.471393806,0,127,14,0,0.01,0.347170206,311.8163976,0,3,0
2,0,0.528606194,0,117,12,12,0.13,0.414379426,430.4232549,1,2,1
2,0,0.528606194,0,117,12,12,0.13,0.414379426,430.4232549,1,2,1
2,0,0.528606194,0,117,16,16,0.46,0.414379426,430.4232549,1,2,1
1,0,0.528606194,0,117,11,11,0.27,0.359110558,811.4980783,0,1,3
1,0,0.528606194,0,117,17,0,0.27,0.359110558,811.4980783,0,1,3
1,0,0.528606194,0,117,11,0,0.82,0.359110558,811.4980783,0,1,3
3,0,0.528606194,0.03,121,7,7,0.6,0.504381066,766.2910731,1,1,2
3,0,0.528606194,0.03,121,17,17,0.6,0.504381066,766.2910731,1,1,2
3,0,0.528606194,0.03,121,11,0,0.98,0.504381066,766.2910731,1,1,2
2,4,0.471393806,0,127,14,0,0.02,0.299591036,311.8163976,0,3,0
2,4,0.471393806,0,127,16,0,0.02,0.299591036,311.8163976,0,3,0
3,0,0.528606194,0.01,121,10,10,0.37,0.482425737,813.8471176,0,1,3
3,0,0.528606194,0.01,121,14,0,0.37,0.482425737,813.8471176,0,1,3
3,0,0.528606194,0.01,121,11,0,0.47,0.482425737,813.8471176,0,1,3
2,3,0.471393806,0,126,24,0,0,0.526713555,303.8576356,1,4,0
2,3,0.471393806,0,126,17,0,0,0.526713555,303.8576356,1,4,0
2,3,0.471393806,0,126,13,13,0,0.526713555,303.8576356,1,4,0
1,3,0.471393806,0,126,15,0,0,0.364745289,311.8163976,0,3,0
1,3,0.471393806,0,126,16,0,0,0.364745289,311.8163976,0,3,0
1,0,0.528606194,0,117,10,0,0.12,0.329036192,525.7782899,0,5,1
1,0,0.528606194,0,117,13,0,0.12,0.329036192,525.7782899,0,5,1
1,0,0.528606194,0,117,17,0,0.19,0.329036192,525.7782899,0,5,1
1,0,0.528606194,0,117,10,10,0.19,0.329036192,525.7782899,0,5,1
5,0,0.502964181,0,106,10,0,0,0.579876018,337.6080661,2,3,0
5,0,0.502964181,0,106,11,11,0,0.579876018,337.6080661,2,3,0
5,0,0.502964181,0,106,19,19,0,0.579876018,337.6080661,2,3,0
5,0,0.502964181,0,106,14,14,0,0.579876018,337.6080661,2,3,0
5,4,0.497035819,0,106,10,0,0,0.58537426,589.4206538,2,3,1
5,4,0.497035819,0,106,4,4,0,0.58537426,589.4206538,2,3,1
5,4,0.497035819,0,106,26,26,0.865,0.58537426,589.4206538,2,3,1
5,4,0.497035819,0,106,9,9,0.865,0.58537426,589.4206538,2,3,1
5,4,0.497035819,0,106,19,19,0.23,0.58537426,589.4206538,2,3,1
1,0,0.502964181,0,106,33,0,0,0.778047929,314.7590362,1,3,0
1,0,0.502964181,0,106,21,0,0,0.778047929,314.7590362,1,3,0
1,0,0.502964181,0,106,27,27,0,0.778047929,314.7590362,1,3,0
1,0,0.502964181,0,107,16,0,0,0.489250084,303.8193705,0,3,0
1,0,0.502964181,0,107,37,0,0.015,0.489250084,303.8193705,0,3,0
2,0,0.502964181,0,107,16,0,0,0.36452293,303.8193705,0,3,0
2,0,0.502964181,0,107,37,0,0,0.36452293,303.8193705,0,3,0
2,3,0.497035819,0,116,19,0,0.01,0.611365827,424.3362938,1,3,0
2,3,0.497035819,0,116,12,12,0.01,0.611365827,424.3362938,1,3,0
2,3,0.497035819,0,116,18,18,0.005,0.611365827,424.3362938,1,3,0
3,0,0.502964181,0,114,14,14,0.335,0.420975024,1173.127141,2,2,1
3,0,0.502964181,0,114,13,13,0.335,0.420975024,1173.127141,2,2,1
3,0,0.502964181,0,114,33,33,0.235,0.420975024,1173.127141,2,2,1
3,0,0.502964181,0,114,10,10,0.235,0.420975024,1173.127141,2,2,1
3,0,0.502964181,0,114,59,0,0.54,0.714780382,690.1811362,0,2,0
5,4,0.497035819,0,114,24,0,0.03,0.507794044,538.6891029,2,2,1
5,4,0.497035819,0,114,10,10,0.03,0.507794044,538.6891029,2,2,1
5,4,0.497035819,0,114,32,32,0,0.507794044,538.6891029,2,2,1
5,4,0.497035819,0,114,7,0,0,0.507794044,538.6891029,2,2,1
5,3,0.497035819,0,106,32,0,0.035,0.598476235,335.7798038,0,2,1
5,3,0.497035819,0,106,10,10,0.035,0.598476235,335.7798038,0,2,1
4,4,0.497035819,0,114,24,0,0,0.494333172,481.1215502,2,2,1
4,4,0.497035819,0,114,10,10,0,0.494333172,481.1215502,2,2,1
4,4,0.497035819,0,114,33,33,0.005,0.494333172,481.1215502,2,2,1
4,4,0.497035819,0,114,6,0,0.005,0.494333172,481.1215502,2,2,1
5,3,0.497035819,0,98,49,49,0,0.38918204,395.2531122,0,2,2
5,3,0.497035819,0,98,8,0,0,0.38918204,395.2531122,0,2,2
5,3,0.497035819,0,98,1,1,0,0.38918204,395.2531122,0,2,2
5,3,0.497035819,0,147,8,0,0,0.318205806,368.2640811,0,1,2
5,3,0.497035819,0,147,1,1,0,0.318205806,368.2640811,0,1,2
5,1,0.502964181,0,98,49,49,0,0.343089834,395.2531122,0,2,2
5,1,0.502964181,0,98,8,0,0,0.343089834,395.2531122,0,2,2
5,1,0.502964181,0,98,1,1,0,0.343089834,395.2531122,0,2,2
5,3,0.497035819,0,147,8,0,0,0.517673953,368.2640811,0,1,2
5,3,0.497035819,0,147,1,1,0,0.517673953,368.2640811,0,1,2
5,4,0.497035819,0,83,61,61,0.01,0.305242555,251.0779708,0,2,2
5,4,0.497035819,0,83,11,0,0.01,0.305242555,251.0779708,0,2,2
5,4,0.497035819,0,83,1,1,0.01,0.305242555,251.0779708,0,2,2
5,4,0.497035819,0,83,61,61,0.045,0.501683242,251.0779708,0,2,2
5,4,0.497035819,0,83,11,0,0.045,0.501683242,251.0779708,0,2,2
5,4,0.497035819,0,83,1,1,0.045,0.501683242,251.0779708,0,2,2
5,3,0.497035819,0,99,3,0,0,0.498144784,883.9274301,0,4,3
5,3,0.497035819,0,99,28,0,0,0.498144784,883.9274301,0,4,3
5,3,0.497035819,0,99,14,14,0,0.498144784,883.9274301,0,4,3
5,3,0.497035819,0,99,11,0,0,0.498144784,883.9274301,0,4,3
5,3,0.497035819,0,99,1,1,0,0.498144784,883.9274301,0,4,3
5,3,0.497035819,0,99,7,7,0,0.498144784,883.9274301,0,4,3
5,3,0.497035819,0,147,8,0,0,0.413799071,357.3152055,0,0,2
1,3,0.497035819,0,109,16,0,0,0.184903003,119.3056524,1,2,0
1,3,0.497035819,0,109,18,18,0,0.184903003,119.3056524,1,2,0
1,3,0.497035819,0,109,19,19,0,0.156161772,59.23701339,0,1,1
1,4,0.497035819,0,106,20,0,0,0.09641305,59.23701339,1,2,0
1,4,0.497035819,0,106,14,14,0,0.09641305,59.23701339,1,2,0
1,4,0.497035819,0,106,20,0,0,0.178820818,59.23701339,1,2,0
1,4,0.497035819,0,106,14,14,0,0.178820818,59.23701339,1,2,0
1,0,0.502964181,0,106,20,0,0,0.114613227,59.23701339,1,2,0
1,0,0.502964181,0,106,14,14,0,0.114613227,59.23701339,1,2,0
5,3,0.497035819,0.265,113,19,0,0.975,0.074924399,284.0961825,2,2,0
5,3,0.497035819,0.265,113,25,25,0.975,0.074924399,284.0961825,2,2,0
5,3,0.497035819,0.265,113,21,0,0.14,0.074924399,284.0961825,2,2,0
1,3,0.497035819,0,109,19,19,0,0.242791386,59.23701339,0,1,1
1,1,0.502964181,0,109,16,0,0,0.145904469,119.3056524,1,2,0
1,1,0.502964181,0,109,18,18,0,0.145904469,119.3056524,1,2,0
1,3,0.497035819,0,109,19,19,0,0.186010219,59.23701339,0,1,1
3,0,0.502964181,0,109,20,0,0,0.136892603,6.356478492,0,2,0
3,2,0.497035819,0,121,17,0,0.015,0.057847687,42.54738636,0,3,0
3,2,0.497035819,0,121,9,0,0.015,0.057847687,42.54738636,0,3,0
4,1,0.502964181,0,119,19,0,0.01,0.299169482,475.6543747,0,3,0
4,1,0.502964181,0,119,9,0,0.01,0.299169482,475.6543747,0,3,0
5,1,0.502964181,0,119,19,0,0,0.249120201,235.1686148,0,3,0
5,1,0.502964181,0,119,8,0,0,0.249120201,235.1686148,0,3,0
5,3,0.497035819,0,119,19,0,0,0.196710741,138.8580006,0,3,0
5,3,0.497035819,0,119,9,0,0,0.196710741,138.8580006,0,3,0
4,0,0.502964181,0.0075,119,8,0,0.99,0.236346454,674.999433,0,3,3
4,0,0.502964181,0.0075,119,11,11,0.99,0.236346454,674.999433,0,3,3
4,0,0.502964181,0.0075,119,8,8,0.99,0.236346454,674.999433,0,3,3
4,0,0.502964181,0.0075,119,12,12,0.99,0.236346454,674.999433,0,3,3
4,0,0.502964181,0.0075,119,7,0,0.68,0.236346454,674.999433,0,3,3
4,0,0.502964181,0,119,8,0,0.99,0.410532446,666.0645384,0,3,3
4,0,0.502964181,0,119,11,11,0.99,0.410532446,666.0645384,0,3,3
4,0,0.502964181,0,119,8,8,0.99,0.410532446,666.0645384,0,3,3
4,0,0.502964181,0,119,12,12,0.99,0.410532446,666.0645384,0,3,3
4,0,0.502964181,0,119,7,0,0.505,0.410532446,666.0645384,0,3,3
2,0,0.502964181,0,119,9,0,0.175,0.597697644,679.8730119,0,3,3
2,0,0.502964181,0,119,10,10,0.175,0.597697644,679.8730119,0,3,3
2,0,0.502964181,0,119,8,8,0.175,0.597697644,679.8730119,0,3,3
2,0,0.502964181,0,119,13,13,0.46,0.597697644,679.8730119,0,3,3
2,0,0.502964181,0,119,6,0,0.46,0.597697644,679.8730119,0,3,3
4,0,0.502964181,0,119,8,0,0.465,0.30303994,674.999433,0,3,3
4,0,0.502964181,0,119,11,11,0.465,0.30303994,674.999433,0,3,3
4,0,0.502964181,0,119,8,8,0.465,0.30303994,674.999433,0,3,3
4,0,0.502964181,0,119,12,12,0.465,0.30303994,674.999433,0,3,3
4,0,0.502964181,0,119,7,0,0.77,0.30303994,674.999433,0,3,3
3,3,0.497035819,0,119,19,0,0.015,0.210988075,235.1686148,0,3,0
3,3,0.497035819,0,119,9,0,0.015,0.210988075,235.1686148,0,3,0
3,0,0.502964181,0,139,15,15,0.13,0.112865341,497.7081133,0,2,2
3,0,0.502964181,0,139,7,0,0,0.112865341,497.7081133,0,2,2
3,0,0.502964181,0,139,15,15,0,0.110002772,497.7081133,0,2,2
3,0,0.502964181,0,139,7,0,0,0.110002772,497.7081133,0,2,2
3,4,0.497035819,0,139,15,15,0.005,0.060889893,497.7081133,0,2,2
3,4,0.497035819,0,139,7,0,0,0.060889893,497.7081133,0,2,2
3,0,0.502964181,0,139,15,15,0.015,0.14813851,497.7081133,0,2,2
3,0,0.502964181,0,139,7,0,0,0.14813851,497.7081133,0,2,2
3,3,0.497035819,0,139,22,22,0,0.209261618,392.7478684,0,2,1
3,0,0.502964181,0,139,22,22,0,0.202348313,392.7478684,0,2,1
5,3,0.497035819,0,139,22,22,0,0.238329137,452.2565782,1,2,0
4,4,0.497035819,0,104,43,0,0,0.254897161,481.2453489,0,3,0
2,2,0.497035819,0,104,43,0,0,0.21890465,564.0141785,0,3,1
2,2,0.497035819,0,104,35,35,0,0.21890465,564.0141785,0,3,1
5,1,0.502964181,0,104,43,0,0,0.411283247,481.2453489,0,3,0
5,0,0.502964181,0,106,40,0,0,0.597843237,260.7556722,0,3,0
4,3,0.497035819,0,110,36,0,0,0.433270409,456.4768763,0,3,0
5,3,0.497035819,0,106,40,0,0,0.582100941,651.861381,0,3,1
5,3,0.497035819,0,106,36,36,0,0.582100941,651.861381,0,3,1
3,1,0.502964181,0,110,35,0,0,0.315582053,456.4768763,0,3,0
5,1,0.502964181,0,106,38,0,0,0.433163034,555.5507668,0,3,0
3,3,0.497035819,0,111,33,0,0.005,0.804208663,456.4768763,0,3,0
3,1,0.502964181,0,107,38,0,0,0.420073845,456.4768763,0,3,0
5,3,0.497035819,0,109,36,0,0,0.545309657,456.4768763,0,3,0
2,0,0.502964181,0,110,34,0,0,0.528247286,748.1719952,0,3,0
2,3,0.497035819,0,109,37,0,0,0.710282533,456.4768763,0,3,0
1,1,0.502964181,0,109,37,0,0,0.67110023,456.4768763,0,3,0
3,3,0.497035819,0,109,38,0,0,0.185762219,539.2457059,0,3,1
3,3,0.497035819,0,109,35,35,0,0.185762219,539.2457059,0,3,1
2,0,0.502964181,0,166,17,17,0,0.148157975,240.3905823,1,1,0
2,3,0.497035819,0,128,11,0,0,0.601848689,209.7526146,0,4,0
2,3,0.497035819,0,128,26,0,0,0.601848689,209.7526146,0,4,0
2,3,0.497035819,0,128,15,0,0,0.601848689,209.7526146,0,4,0
1,0,0.502964181,0,124,29,29,0.19,0.597780708,641.0552781,0,2,3
1,0,0.502964181,0,124,10,0,0.295,0.597780708,641.0552781,0,2,3
1,0,0.502964181,0,124,11,0,0.295,0.597780708,641.0552781,0,2,3
1,0,0.502964181,0,124,8,8,0.295,0.597780708,641.0552781,0,2,3
2,1,0.502964181,0,127,13,0,0,0.518252008,476.2294619,0,4,0
2,1,0.502964181,0,127,17,0,0,0.518252008,476.2294619,0,4,0
2,1,0.502964181,0,127,25,0,0.025,0.518252008,476.2294619,0,4,0
3,3,0.497035819,0.0175,128,12,0,0.63,0.580004488,431.6321747,1,5,1
3,3,0.497035819,0.0175,128,15,15,0.63,0.580004488,431.6321747,1,5,1
3,3,0.497035819,0.0175,128,8,8,0.34,0.580004488,431.6321747,1,5,1
3,3,0.497035819,0.0175,128,2,0,0.34,0.580004488,431.6321747,1,5,1
3,3,0.497035819,0.0175,128,14,14,0.34,0.580004488,431.6321747,1,5,1
3,3,0.497035819,0.0175,128,4,4,0.34,0.580004488,431.6321747,1,5,1
5,3,0.497035819,0,127,12,0,0.05,0.519351754,451.4425093,0,3,2
5,3,0.497035819,0,127,16,16,0.05,0.519351754,451.4425093,0,3,2
5,3,0.497035819,0,127,8,0,0.005,0.519351754,451.4425093,0,3,2
5,3,0.497035819,0,127,17,17,0.005,0.519351754,451.4425093,0,3,2
1,0,0.502964181,0,124,14,0,0.665,0.500686768,787.4269495,0,3,3
1,0,0.502964181,0,124,15,15,0.665,0.500686768,787.4269495,0,3,3
1,0,0.502964181,0,124,12,0,0.525,0.500686768,787.4269495,0,3,3
1,0,0.502964181,0,124,9,0,0.525,0.500686768,787.4269495,0,3,3
1,0,0.502964181,0,124,5,5,0.525,0.500686768,787.4269495,0,3,3
1,0,0.502964181,0,124,29,29,0.665,0.641391856,514.1615801,0,2,2
1,0,0.502964181,0,124,12,0,0.36,0.641391856,514.1615801,0,2,2
1,0,0.502964181,0,124,14,14,0.36,0.641391856,514.1615801,0,2,2
3,4,0.497035819,0,126,28,28,0,0.433024053,286.7769497,0,3,1
3,4,0.497035819,0,126,13,13,0,0.433024053,286.7769497,0,3,1
3,4,0.497035819,0,126,12,0,0,0.433024053,286.7769497,0,3,1
3,0,0.502964181,0,126,28,28,0.75,0.627582027,897.3006688,0,2,3
3,0,0.502964181,0,126,9,0,0.185,0.627582027,897.3006688,0,2,3
3,0,0.502964181,0,126,16,0,0.185,0.627582027,897.3006688,0,2,3
3,0,0.502964181,0,126,3,3,0.185,0.627582027,897.3006688,0,2,3
3,3,0.497035819,0,117,17,17,0,0.526324959,237.6009767,1,4,0
3,3,0.497035819,0,117,14,0,0,0.526324959,237.6009767,1,4,0
3,3,0.497035819,0,117,21,0,0.005,0.526324959,237.6009767,1,4,0
3,3,0.497035819,0,117,18,0,0.005,0.526324959,237.6009767,1,4,0
5,3,0.497035819,0,127,12,0,0,0.578299457,346.2081419,0,5,1
5,3,0.497035819,0,127,16,16,0,0.578299457,346.2081419,0,5,1
5,3,0.497035819,0,127,3,3,0,0.578299457,346.2081419,0,5,1
5,3,0.497035819,0,127,9,0,0,0.578299457,346.2081419,0,5,1
5,3,0.497035819,0,127,12,0,0,0.578299457,346.2081419,0,5,1
3,0,0.502964181,0,126,13,0,0.085,0.553005929,674.6468215,0,3,3
3,0,0.502964181,0,126,17,17,0.085,0.553005929,674.6468215,0,3,3
3,0,0.502964181,0,126,7,0,0.02,0.553005929,674.6468215,0,3,3
3,0,0.502964181,0,126,11,0,0.02,0.553005929,674.6468215,0,3,3
3,0,0.502964181,0,126,8,8,0.02,0.553005929,674.6468215,0,3,3
3,1,0.491333538,0,126,19,19,0,0.073963002,1089.645227,1,1,3
3,1,0.491333538,0,126,6,0,0,0.073963002,1089.645227,1,1,3
3,1,0.491333538,0,126,26,0,0,0.073963002,1089.645227,1,1,3
3,1,0.491333538,0,126,4,4,0,0.073963002,1089.645227,1,1,3
3,3,0.508666462,0,126,19,19,0,0.090521916,1089.645227,1,1,3
3,3,0.508666462,0,126,6,0,0,0.090521916,1089.645227,1,1,3
3,3,0.508666462,0,126,26,0,0,0.090521916,1089.645227,1,1,3
3,3,0.508666462,0,126,4,4,0,0.090521916,1089.645227,1,1,3
3,4,0.508666462,0,126,19,19,0,0.089677837,1089.645227,1,1,3
3,4,0.508666462,0,126,6,0,0,0.089677837,1089.645227,1,1,3
3,4,0.508666462,0,126,26,0,0,0.089677837,1089.645227,1,1,3
3,4,0.508666462,0,126,4,4,0,0.089677837,1089.645227,1,1,3
3,4,0.508666462,0,126,19,19,0,0.217895211,1089.645227,1,1,3
3,4,0.508666462,0,126,6,0,0,0.217895211,1089.645227,1,1,3
3,4,0.508666462,0,126,26,0,0,0.217895211,1089.645227,1,1,3
3,4,0.508666462,0,126,4,4,0,0.217895211,1089.645227,1,1,3
3,2,0.508666462,0,126,19,19,0,0.111236611,1089.645227,1,1,3
3,2,0.508666462,0,126,6,0,0,0.111236611,1089.645227,1,1,3
3,2,0.508666462,0,126,26,0,0,0.111236611,1089.645227,1,1,3
3,2,0.508666462,0,126,4,4,0,0.111236611,1089.645227,1,1,3
2,0,0.491333538,0,126,19,19,0,0.140358484,1089.645227,1,1,3
2,0,0.491333538,0,126,6,0,0,0.140358484,1089.645227,1,1,3
2,0,0.491333538,0,126,26,0,0,0.140358484,1089.645227,1,1,3
2,0,0.491333538,0,126,4,4,0,0.140358484,1089.645227,1,1,3
3,1,0.491333538,0,126,19,19,0,0.212024505,1089.645227,1,1,3
3,1,0.491333538,0,126,6,0,0,0.212024505,1089.645227,1,1,3
3,1,0.491333538,0,126,26,0,0,0.212024505,1089.645227,1,1,3
3,1,0.491333538,0,126,4,4,0,0.212024505,1089.645227,1,1,3
2,1,0.491333538,0,126,19,19,0,0.342460376,1089.645227,1,1,3
2,1,0.491333538,0,126,6,0,0,0.342460376,1089.645227,1,1,3
2,1,0.491333538,0,126,26,0,0,0.342460376,1089.645227,1,1,3
2,1,0.491333538,0,126,4,4,0,0.342460376,1089.645227,1,1,3
3,4,0.508666462,0,126,19,19,0,0.154646396,1089.645227,1,1,3
3,4,0.508666462,0,126,6,0,0,0.154646396,1089.645227,1,1,3
3,4,0.508666462,0,126,26,0,0,0.154646396,1089.645227,1,1,3
3,4,0.508666462,0,126,4,4,0,0.154646396,1089.645227,1,1,3
4,4,0.508666462,0,126,19,19,0,0.144999643,1089.645227,1,1,3
4,4,0.508666462,0,126,6,0,0,0.144999643,1089.645227,1,1,3
4,4,0.508666462,0,126,26,0,0,0.144999643,1089.645227,1,1,3
4,4,0.508666462,0,126,4,4,0,0.144999643,1089.645227,1,1,3
2,1,0.491333538,0.0025,126,19,19,0,0.345824193,1089.645227,1,1,3
2,1,0.491333538,0.0025,126,6,0,0,0.345824193,1089.645227,1,1,3
2,1,0.491333538,0.0025,126,26,0,0,0.345824193,1089.645227,1,1,3
2,1,0.491333538,0.0025,126,4,4,0,0.345824193,1089.645227,1,1,3
3,2,0.508666462,0.0025,126,19,19,0,0.133960985,1089.645227,1,1,3
3,2,0.508666462,0.0025,126,6,0,0,0.133960985,1089.645227,1,1,3
3,2,0.508666462,0.0025,126,26,0,0,0.133960985,1089.645227,1,1,3
3,2,0.508666462,0.0025,126,4,4,0,0.133960985,1089.645227,1,1,3
3,4,0.508666462,0,126,19,19,0,0.165957719,1089.645227,1,1,3
3,4,0.508666462,0,126,6,0,0.005,0.165957719,1089.645227,1,1,3
3,4,0.508666462,0,126,26,0,0.005,0.165957719,1089.645227,1,1,3
3,4,0.508666462,0,126,4,4,0.005,0.165957719,1089.645227,1,1,3
4,3,0.508666462,0,126,19,19,0,0.236075892,1089.645227,1,1,3
4,3,0.508666462,0,126,6,0,0,0.236075892,1089.645227,1,1,3
4,3,0.508666462,0,126,26,0,0,0.236075892,1089.645227,1,1,3
4,3,0.508666462,0,126,4,4,0,0.236075892,1089.645227,1,1,3
3,3,0.508666462,0,126,19,19,0,0.429569643,1089.645227,1,1,3
3,3,0.508666462,0,126,6,0,0,0.429569643,1089.645227,1,1,3
3,3,0.508666462,0,126,26,0,0,0.429569643,1089.645227,1,1,3
3,3,0.508666462,0,126,4,4,0,0.429569643,1089.645227,1,1,3
2,1,0.491333538,0,126,19,19,0,0.309631983,1089.645227,1,1,3
2,1,0.491333538,0,126,6,0,0,0.309631983,1089.645227,1,1,3
2,1,0.491333538,0,126,26,0,0,0.309631983,1089.645227,1,1,3
2,1,0.491333538,0,126,4,4,0,0.309631983,1089.645227,1,1,3
5,1,0.491333538,0,126,19,19,0,0.333163273,1236.553504,1,1,3
5,1,0.491333538,0,126,6,0,0,0.333163273,1236.553504,1,1,3
5,1,0.491333538,0,126,26,0,0,0.333163273,1236.553504,1,1,3
5,1,0.491333538,0,126,4,4,0,0.333163273,1236.553504,1,1,3
5,1,0.491333538,0,126,19,19,0,0.307699707,1236.553504,1,1,3
5,1,0.491333538,0,126,6,0,0,0.307699707,1236.553504,1,1,3
5,1,0.491333538,0,126,26,0,0,0.307699707,1236.553504,1,1,3
5,1,0.491333538,0,126,4,4,0,0.307699707,1236.553504,1,1,3
5,4,0.508666462,0,126,19,19,0,0.156587289,1089.645227,1,1,3
5,4,0.508666462,0,126,6,0,0,0.156587289,1089.645227,1,1,3
5,4,0.508666462,0,126,26,0,0,0.156587289,1089.645227,1,1,3
5,4,0.508666462,0,126,4,4,0,0.156587289,1089.645227,1,1,3
3,3,0.508666462,0,126,19,19,0,0.194519483,1089.645227,1,1,3
3,3,0.508666462,0,126,6,0,0,0.194519483,1089.645227,1,1,3
3,3,0.508666462,0,126,26,0,0,0.194519483,1089.645227,1,1,3
3,3,0.508666462,0,126,4,4,0,0.194519483,1089.645227,1,1,3
3,3,0.508666462,0,126,19,19,0,0.240634665,1089.645227,1,1,3
3,3,0.508666462,0,126,6,0,0,0.240634665,1089.645227,1,1,3
3,3,0.508666462,0,126,26,0,0,0.240634665,1089.645227,1,1,3
3,3,0.508666462,0,126,4,4,0,0.240634665,1089.645227,1,1,3
5,1,0.491333538,0,144,9,0,0,0.35712202,704.4488523,5,0,0
5,1,0.491333538,0,144,12,0,0,0.35712202,704.4488523,5,0,0
5,1,0.491333538,0,144,8,0,0,0.35712202,704.4488523,5,0,0
5,1,0.491333538,0,144,12,0,0,0.35712202,704.4488523,5,0,0
3,0,0.491333538,0,118,11,0,0,0.583596482,996.244506,2,5,1
3,0,0.491333538,0,118,6,0,0,0.583596482,996.244506,2,5,1
3,0,0.491333538,0,118,9,9,0,0.583596482,996.244506,2,5,1
3,0,0.491333538,0,118,10,10,0,0.583596482,996.244506,2,5,1
3,0,0.491333538,0,118,17,0,0,0.583596482,996.244506,2,5,1
3,0,0.491333538,0,118,7,7,0,0.583596482,996.244506,2,5,1
3,0,0.491333538,0,118,1,1,0,0.583596482,996.244506,2,5,1
3,4,0.508666462,0.005,118,11,0,0,0.583343955,944.5378232,2,5,1
3,4,0.508666462,0.005,118,6,0,0,0.583343955,944.5378232,2,5,1
3,4,0.508666462,0.005,118,9,9,0,0.583343955,944.5378232,2,5,1
3,4,0.508666462,0.005,118,10,10,0.085,0.583343955,944.5378232,2,5,1
3,4,0.508666462,0.005,118,17,0,0.085,0.583343955,944.5378232,2,5,1
3,4,0.508666462,0.005,118,7,7,0.085,0.583343955,944.5378232,2,5,1
3,4,0.508666462,0.005,118,1,1,0.085,0.583343955,944.5378232,2,5,1
5,2,0.508666462,0.0025,101,27,27,0.21,0.367773495,868.1867502,4,2,1
5,2,0.508666462,0.0025,101,7,7,0.21,0.367773495,868.1867502,4,2,1
5,2,0.508666462,0.0025,101,6,6,0.21,0.367773495,868.1867502,4,2,1
5,2,0.508666462,0.0025,101,12,0,0.005,0.367773495,868.1867502,4,2,1
5,2,0.508666462,0.0025,101,17,0,0.005,0.367773495,868.1867502,4,2,1
5,2,0.508666462,0.0025,101,12,0,0.005,0.367773495,868.1867502,4,2,1
1,0,0.491333538,0,111,6,0,0,0.827395936,646.2225064,3,4,0
1,0,0.491333538,0,111,13,0,0,0.827395936,646.2225064,3,4,0
1,0,0.491333538,0,111,8,0,0,0.827395936,646.2225064,3,4,0
1,0,0.491333538,0,111,26,26,0,0.827395936,646.2225064,3,4,0
1,0,0.491333538,0,111,7,0,0,0.827395936,646.2225064,3,4,0
1,0,0.491333538,0,111,11,0,0,0.827395936,646.2225064,3,4,0
1,0,0.491333538,0,123,7,0,0.005,0.549619096,777.3702457,3,2,0
1,0,0.491333538,0,123,28,28,0,0.549619096,777.3702457,3,2,0
1,0,0.491333538,0,123,12,0,0,0.549619096,777.3702457,3,2,0
1,0,0.491333538,0,123,11,0,0,0.549619096,777.3702457,3,2,0
1,0,0.491333538,0,123,7,0,0,0.420387436,777.3702457,3,2,0
1,0,0.491333538,0,123,28,28,0,0.420387436,777.3702457,3,2,0
1,0,0.491333538,0,123,12,0,0,0.420387436,777.3702457,3,2,0
1,0,0.491333538,0,123,11,0,0,0.420387436,777.3702457,3,2,0
2,3,0.508666462,0,117,12,0,0,0.631076368,655.3830762,3,3,0
2,3,0.508666462,0,117,9,0,0,0.631076368,655.3830762,3,3,0
2,3,0.508666462,0,117,7,7,0,0.631076368,655.3830762,3,3,0
2,3,0.508666462,0,117,28,0,0,0.631076368,655.3830762,3,3,0
2,3,0.508666462,0,117,7,0,0,0.631076368,655.3830762,3,3,0
1,0,0.491333538,0,111,12,0,0.015,0.446637717,827.6559762,2,6,0
1,0,0.491333538,0,111,17,0,0.015,0.446637717,827.6559762,2,6,0
1,0,0.491333538,0,111,12,0,0.025,0.446637717,827.6559762,2,6,0
1,0,0.491333538,0,111,4,0,0.025,0.446637717,827.6559762,2,6,0
1,0,0.491333538,0,111,18,18,0.025,0.446637717,827.6559762,2,6,0
1,0,0.491333538,0,111,7,0,0.025,0.446637717,827.6559762,2,6,0
3,0,0.491333538,0,118,21,0,0.03,0.772141667,566.7662241,2,4,0
3,0,0.491333538,0,118,10,0,0.03,0.772141667,566.7662241,2,4,0
3,0,0.491333538,0,118,9,0,0.005,0.772141667,566.7662241,2,4,0
3,0,0.491333538,0,118,14,14,0.005,0.772141667,566.7662241,2,4,0
3,0,0.491333538,0,118,12,0,0.005,0.772141667,566.7662241,2,4,0
2,4,0.508666462,0,118,5,0,0.015,0.527286076,547.8794852,2,3,1
2,4,0.508666462,0,118,3,3,0.015,0.527286076,547.8794852,2,3,1
2,4,0.508666462,0,118,13,13,0.015,0.527286076,547.8794852,2,3,1
2,4,0.508666462,0,118,14,14,0.035,0.527286076,547.8794852,2,3,1
2,4,0.508666462,0,118,18,18,0.035,0.527286076,547.8794852,2,3,1
2,3,0.508666462,0,118,5,0,0.02,0.618039656,655.6993308,3,3,0
2,3,0.508666462,0,118,16,0,0.02,0.618039656,655.6993308,3,3,0
2,3,0.508666462,0,118,15,15,0,0.618039656,655.6993308,3,3,0
2,3,0.508666462,0,118,20,0,0,0.618039656,655.6993308,3,3,0
2,3,0.508666462,0,118,6,0,0,0.618039656,655.6993308,3,3,0
2,4,0.508666462,0,118,5,0,0.005,0.527806753,708.2405099,2,3,1
2,4,0.508666462,0,118,3,3,0.005,0.527806753,708.2405099,2,3,1
2,4,0.508666462,0,118,13,13,0.005,0.527806753,708.2405099,2,3,1
2,4,0.508666462,0,118,14,14,0.045,0.527806753,708.2405099,2,3,1
2,4,0.508666462,0,118,18,18,0.045,0.527806753,708.2405099,2,3,1
3,3,0.508666462,0,95,44,0,0,0.408772735,709.5539669,0,2,0
1,3,0.508666462,0,95,44,0,0,0.344639017,709.5539669,0,2,0
1,1,0.491333538,0,95,44,0,0,0.379095876,709.5539669,0,2,0
3,3,0.508666462,0,95,44,0,0,0.574389858,709.5539669,0,2,0
2,4,0.508666462,0,95,44,0,0,0.336089652,888.2005378,0,2,2
2,4,0.508666462,0,95,32,32,0,0.336089652,888.2005378,0,2,2
2,4,0.508666462,0,95,8,0,0,0.336089652,888.2005378,0,2,2
2,4,0.508666462,0,95,44,0,0,0.650893901,888.2005378,0,2,2
2,4,0.508666462,0,95,32,32,0,0.650893901,888.2005378,0,2,2
2,4,0.508666462,0,95,8,0,0,0.650893901,888.2005378,0,2,2
3,3,0.508666462,0,95,44,0,0,0.650893901,709.5539669,0,2,0
2,3,0.508666462,0,95,44,0,0,0.49592404,175.8817937,0,2,0
1,0,0.491333538,0,95,44,0,0,0.461164969,709.5539669,0,2,0
1,3,0.508666462,0,138,9,0,0,0.176478877,587.8591466,0,4,0
1,3,0.508666462,0,138,7,0,0,0.176478877,587.8591466,0,4,0
1,3,0.508666462,0,138,10,0,0,0.176478877,587.8591466,0,4,0
1,0,0.491333538,0,140,3,0,0,0.153383092,131.6237099,0,4,0
1,0,0.491333538,0,140,8,0,0,0.153383092,131.6237099,0,4,0
1,0,0.491333538,0,140,10,0,0,0.153383092,131.6237099,0,4,0
1,0,0.491333538,0,139,8,0,0,0.060841596,188.0807936,0,3,1
1,0,0.491333538,0,139,6,0,0.005,0.060841596,188.0807936,0,3,1
1,0,0.491333538,0,139,10,10,0.005,0.060841596,188.0807936,0,3,1
1,3,0.508666462,0,137,12,0,0,0.162926964,25.7437379,0,3,0
1,3,0.508666462,0,137,7,0,0,0.162926964,25.7437379,0,3,0
1,4,0.508666462,0,137,7,0,0,0.092180947,131.6237099,0,4,0
1,4,0.508666462,0,137,8,0,0,0.092180947,131.6237099,0,4,0
1,4,0.508666462,0,137,10,0,0,0.092180947,131.6237099,0,4,0
1,4,0.508666462,0,137,6,0,0,0.177224522,225.5852848,0,4,0
1,4,0.508666462,0,137,8,0,0,0.177224522,225.5852848,0,4,0
1,4,0.508666462,0,137,11,0,0,0.177224522,225.5852848,0,4,0
1,0,0.491333538,0,137,7,0,0,0.109699706,37.66213507,0,4,0
1,0,0.491333538,0,137,8,0,0,0.109699706,37.66213507,0,4,0
1,0,0.491333538,0,137,10,0,0,0.109699706,37.66213507,0,4,0
1,3,0.508666462,0,140,9,0,0,0.07756825,271.7837917,0,3,0
1,3,0.508666462,0,140,7,0,0.005,0.07756825,271.7837917,0,3,0
1,0,0.491333538,0,139,8,0,0,0.233846775,188.0807936,0,3,1
1,0,0.491333538,0,139,6,0,0,0.233846775,188.0807936,0,3,1
1,0,0.491333538,0,139,10,10,0,0.233846775,188.0807936,0,3,1
1,3,0.508666462,0,137,12,0,0,0.241223462,119.7053128,0,3,0
1,3,0.508666462,0,137,7,0,0,0.241223462,119.7053128,0,3,0
1,1,0.491333538,0,138,6,0,0,0.133125359,225.5852848,0,4,0
1,1,0.491333538,0,138,7,0,0,0.133125359,225.5852848,0,4,0
1,1,0.491333538,0,138,13,0,0,0.133125359,225.5852848,0,4,0
1,3,0.508666462,0,138,6,0,0,0.177753039,131.6237099,0,4,0
1,3,0.508666462,0,138,7,0,0,0.177753039,131.6237099,0,4,0
1,3,0.508666462,0,138,13,0,0,0.177753039,131.6237099,0,4,0
1,0,0.491333538,0,134,11,0,0,0.135722391,44.81317337,0,4,0
1,0,0.491333538,0,134,13,0,0,0.135722391,44.81317337,0,4,0
1,0,0.491333538,0,134,7,0,0,0.135722391,44.81317337,0,4,0
5,2,0.508666462,0,118,10,0,0,0.059076494,117.1990356,0,4,1
5,2,0.508666462,0,118,10,0,0,0.059076494,117.1990356,0,4,1
5,2,0.508666462,0,118,18,0,0.04,0.059076494,117.1990356,0,4,1
5,2,0.508666462,0,118,15,15,0.04,0.059076494,117.1990356,0,4,1
1,1,0.491333538,0,118,10,0,0,0.29853132,480.981316,0,5,1
1,1,0.491333538,0,118,10,0,0,0.29853132,480.981316,0,5,1
1,1,0.491333538,0,118,15,0,0.005,0.29853132,480.981316,0,5,1
1,1,0.491333538,0,118,17,17,0.005,0.29853132,480.981316,0,5,1
1,1,0.491333538,0,118,10,0,0,0.230907,471.9689957,0,5,1
1,1,0.491333538,0,118,11,0,0,0.230907,471.9689957,0,5,1
1,1,0.491333538,0,118,14,0,0,0.230907,471.9689957,0,5,1
1,1,0.491333538,0,118,17,17,0,0.230907,471.9689957,0,5,1
1,1,0.491333538,0,118,9,9,0,0.230907,471.9689957,0,5,1
3,3,0.508666462,0,118,10,0,0,0.191108625,241.7163016,0,4,1
3,3,0.508666462,0,118,10,0,0,0.191108625,241.7163016,0,4,1
3,3,0.508666462,0,118,15,0,0,0.191108625,241.7163016,0,4,1
3,3,0.508666462,0,118,17,17,0,0.191108625,241.7163016,0,4,1
5,3,0.508666462,0,118,10,0,0,0.257048307,338.0269158,0,4,1
5,3,0.508666462,0,118,10,0,0,0.257048307,338.0269158,0,4,1
5,3,0.508666462,0,118,15,0,0,0.257048307,338.0269158,0,4,1
5,3,0.508666462,0,118,18,18,0,0.257048307,338.0269158,0,4,1
5,4,0.508666462,0.0125,101,18,0,0.0125,0.689457228,461.5763669,0,3,3
5,4,0.508666462,0.0125,101,10,10,0.37,0.689457228,461.5763669,0,3,3
5,4,0.508666462,0.0125,101,14,14,0.37,0.689457228,461.5763669,0,3,3
5,4,0.508666462,0.0125,101,15,15,0.9,0.689457228,461.5763669,0,3,3
5,4,0.508666462,0.0125,101,15,0,0.9,0.689457228,461.5763669,0,3,3
1,1,0.491333538,0,121,14,0,0,0.598628708,348.7731313,0,4,1
1,1,0.491333538,0,121,10,0,0,0.598628708,348.7731313,0,4,1
1,1,0.491333538,0,121,12,0,0,0.598628708,348.7731313,0,4,1
1,1,0.491333538,0,121,15,15,0,0.598628708,348.7731313,0,4,1
1,1,0.491333538,0,123,12,0,0,0.61032074,252.4625171,0,4,1
1,1,0.491333538,0,123,10,0,0,0.61032074,252.4625171,0,4,1
1,1,0.491333538,0,123,12,0,0,0.61032074,252.4625171,0,4,1
1,1,0.491333538,0,123,15,15,0,0.61032074,252.4625171,0,4,1
1,0,0.491333538,0,123,7,0,0,0.25463656,567.2120322,0,3,3
1,0,0.491333538,0,123,8,0,0,0.25463656,567.2120322,0,3,3
1,0,0.491333538,0,123,18,18,0.04,0.25463656,567.2120322,0,3,3
1,0,0.491333538,0,123,15,0,0.04,0.25463656,567.2120322,0,3,3
1,0,0.491333538,0,123,13,0,0.04,0.25463656,567.2120322,0,3,3
1,0,0.491333538,0,123,7,0,0.015,0.437163885,570.3902715,0,4,3
1,0,0.491333538,0,123,8,8,0.015,0.437163885,570.3902715,0,4,3
1,0,0.491333538,0,123,1,0,0.015,0.437163885,570.3902715,0,4,3
1,0,0.491333538,0,123,17,17,0.33,0.437163885,570.3902715,0,4,3
1,0,0.491333538,0,123,15,15,0.33,0.437163885,570.3902715,0,4,3
1,0,0.491333538,0,123,13,0,0.33,0.437163885,570.3902715,0,4,3
1,0,0.491333538,0,123,7,0,0.04,0.57395266,567.2120322,0,3,3
1,0,0.491333538,0,123,9,0,0.04,0.57395266,567.2120322,0,3,3
1,0,0.491333538,0,123,17,17,0.505,0.57395266,567.2120322,0,3,3
1,0,0.491333538,0,123,16,0,0.505,0.57395266,567.2120322,0,3,3
1,0,0.491333538,0,123,14,0,0.505,0.57395266,567.2120322,0,3,3
1,0,0.491333538,0,123,7,0,0.005,0.302443507,570.3902715,0,4,2
1,0,0.491333538,0,123,8,8,0.005,0.302443507,570.3902715,0,4,2
1,0,0.491333538,0,123,1,0,0.005,0.302443507,570.3902715,0,4,2
1,0,0.491333538,0,123,17,17,0.01,0.302443507,570.3902715,0,4,2
1,0,0.491333538,0,123,15,15,0.01,0.302443507,570.3902715,0,4,2
1,3,0.508666462,0,118,10,0,0.045,0.213497516,445.6125539,0,5,1
1,3,0.508666462,0,118,10,0,0.045,0.213497516,445.6125539,0,5,1
1,3,0.508666462,0,118,15,0,0.025,0.213497516,445.6125539,0,5,1
1,3,0.508666462,0,118,17,17,0.025,0.213497516,445.6125539,0,5,1
1,0,0.491333538,0,157,28,28,0,0.119088681,458.0769825,0,1,1
1,0,0.491333538,0,157,28,28,0,0.116029619,458.0769825,0,1,1
1,4,0.508666462,0,157,28,28,0,0.063951407,458.0769825,0,1,1
1,0,0.491333538,0,157,28,28,0,0.16682315,458.0769825,0,1,1
1,3,0.508666462,0,157,28,28,0,0.239840154,458.0769825,0,1,1
1,1,0.491333538,0,157,13,13,0,0.24960821,502.1440949,1,1,1
1,1,0.491333538,0,157,15,15,0,0.24960821,502.1440949,1,1,1
1,0,0.491333538,0,157,13,13,0,0.223627761,370.8053235,1,1,0
1,3,0.508666462,0,157,28,28,0,0.259580343,458.0769825,0,1,1
2,2,0.508666462,0,123,35,0,0,0.208750982,658.0923647,1,4,0
2,2,0.508666462,0,123,14,14,0,0.208750982,658.0923647,1,4,0
2,2,0.508666462,0,123,7,7,0,0.208750982,658.0923647,1,4,0
3,0,0.491333538,0,123,29,0,0,0.586637951,379.6230511,1,5,0
3,0,0.491333538,0,123,6,0,0,0.586637951,379.6230511,1,5,0
3,0,0.491333538,0,123,14,14,0,0.586637951,379.6230511,1,5,0
3,0,0.491333538,0,123,7,7,0,0.586637951,379.6230511,1,5,0
5,3,0.508666462,0,123,40,0,0,0.240219593,469.5771868,1,4,0
5,3,0.508666462,0,123,10,10,0,0.240219593,469.5771868,1,4,0
5,3,0.508666462,0,123,11,11,0,0.240219593,469.5771868,1,4,0
2,3,0.508666462,0,121,37,0,0,0.288511066,718.6027835,0,4,0
2,3,0.508666462,0,121,21,0,0,0.288511066,718.6027835,0,4,0
5,3,0.508666462,0,128,29,0,0,0.40482039,763.5227337,1,4,0
5,3,0.508666462,0,128,14,14,0,0.40482039,763.5227337,1,4,0
5,3,0.508666462,0,128,11,11,0,0.40482039,763.5227337,1,4,0
2,3,0.508666462,0,121,37,0,0,0.253783011,475.9336653,1,4,0
2,3,0.508666462,0,121,14,14,0,0.253783011,475.9336653,1,4,0
2,3,0.508666462,0,121,10,10,0,0.253783011,475.9336653,1,4,0
1,1,0.491333538,0,119,37,0,0,0.470850109,664.4488432,1,4,0
1,1,0.491333538,0,119,15,15,0,0.470850109,664.4488432,1,4,0
1,1,0.491333538,0,119,10,10,0,0.470850109,664.4488432,1,4,0
3,3,0.508666462,0,129,27,0,0,0.900564625,763.5227337,1,4,0
3,3,0.508666462,0,129,15,15,0,0.900564625,763.5227337,1,4,0
3,3,0.508666462,0,129,10,10,0,0.900564625,763.5227337,1,4,0
3,3,0.508666462,0,157,14,14,0,0.345732613,602.198941,1,2,0
3,3,0.508666462,0,157,10,10,0,0.345732613,602.198941,1,2,0
3,1,0.491333538,0,121,36,0,0,0.479518131,664.4488432,1,4,0
3,1,0.491333538,0,121,14,14,0,0.479518131,664.4488432,1,4,0
3,1,0.491333538,0,121,10,10,0,0.479518131,664.4488432,1,4,0
3,1,0.491333538,0,119,38,0,0.005,0.371867825,763.5227337,1,4,0
3,1,0.491333538,0,119,14,14,0.005,0.371867825,763.5227337,1,4,0
3,1,0.491333538,0,119,10,10,0.005,0.371867825,763.5227337,1,4,0
1,1,0.491333538,0,121,36,0,0.01,0.387754896,664.4488432,1,4,0
1,1,0.491333538,0,121,14,14,0.01,0.387754896,664.4488432,1,4,0
1,1,0.491333538,0,121,10,10,0.01,0.387754896,664.4488432,1,4,0
2,3,0.508666462,0,118,33,0,0.06,0.421582621,868.9531026,1,5,0
2,3,0.508666462,0,118,6,0,0.06,0.421582621,868.9531026,1,5,0
2,3,0.508666462,0,118,14,14,0.06,0.421582621,868.9531026,1,5,0
2,3,0.508666462,0,118,10,10,0.06,0.421582621,868.9531026,1,5,0
5,3,0.508666462,0,118,38,0,0.01,0.491845855,713.9857884,1,4,0
5,3,0.508666462,0,118,15,15,0.01,0.491845855,713.9857884,1,4,0
5,3,0.508666462,0,118,10,10,0.01,0.491845855,713.9857884,1,4,0
2,3,0.508666462,0,118,33,0,0.01,0.398013596,868.9531026,1,5,0
2,3,0.508666462,0,118,5,0,0.01,0.398013596,868.9531026,1,5,0
2,3,0.508666462,0,118,16,16,0.01,0.398013596,868.9531026,1,5,0
2,3,0.508666462,0,118,9,9,0.01,0.398013596,868.9531026,1,5,0
3,0,0.491333538,0.0025,118,33,0,0.22,0.503338789,911.1097765,1,4,1
3,0,0.491333538,0.0025,118,3,3,0.22,0.503338789,911.1097765,1,4,1
3,0,0.491333538,0.0025,118,16,16,0.22,0.503338789,911.1097765,1,4,1
3,0,0.491333538,0.0025,118,12,12,0.22,0.503338789,911.1097765,1,4,1
2,0,0.491333538,0,123,33,0,0,0.473763397,469.5771868,1,4,0
2,0,0.491333538,0,123,15,15,0,0.473763397,469.5771868,1,4,0
2,0,0.491333538,0,123,9,9,0,0.473763397,469.5771868,1,4,0
2,3,0.508666462,0,119,32,0,0.015,0.587320876,868.9531026,1,5,0
2,3,0.508666462,0,119,2,0,0.015,0.587320876,868.9531026,1,5,0
2,3,0.508666462,0,119,20,20,0.015,0.587320876,868.9531026,1,5,0
2,3,0.508666462,0,119,7,7,0.015,0.587320876,868.9531026,1,5,0
5,3,0.508666462,0,128,29,0,0,0.551450339,757.1662552,1,4,0
5,3,0.508666462,0,128,14,14,0,0.551450339,757.1662552,1,4,0
5,3,0.508666462,0,128,9,9,0,0.551450339,757.1662552,1,4,0
2,0,0.491333538,0,115,35,0,0,0.221768839,451.1651927,1,5,0
2,0,0.491333538,0,115,3,0,0,0.221768839,451.1651927,1,5,0
2,0,0.491333538,0,115,17,17,0,0.221768839,451.1651927,1,5,0
2,0,0.491333538,0,115,9,9,0,0.221768839,451.1651927,1,5,0
2,3,0.508666462,0,115,35,0,0,0.207619603,670.8053217,1,5,0
2,3,0.508666462,0,115,4,0,0.025,0.207619603,670.8053217,1,5,0
2,3,0.508666462,0,115,16,16,0.025,0.207619603,670.8053217,1,5,0
2,3,0.508666462,0,115,9,9,0.025,0.207619603,670.8053217,1,5,0
3,0,0.491333538,0,123,35,0,0,0.372759725,658.0923647,1,4,0
3,0,0.491333538,0,123,17,17,0,0.372759725,658.0923647,1,4,0
3,0,0.491333538,0,123,9,9,0,0.372759725,658.0923647,1,4,0
3,0,0.491333538,0,123,1,0,0,0.358187564,531.827089,1,7,0
3,0,0.491333538,0,123,28,0,0,0.358187564,531.827089,1,7,0
3,0,0.491333538,0,123,6,0,0,0.358187564,531.827089,1,7,0
3,0,0.491333538,0,123,17,17,0,0.358187564,531.827089,1,7,0
3,0,0.491333538,0,123,9,9,0,0.358187564,531.827089,1,7,0
2,2,0.508666462,0,111,28,0,0,0.059970866,674.9463149,2,3,0
2,2,0.508666462,0,111,14,0,0,0.059970866,674.9463149,2,3,0
2,2,0.508666462,0,111,15,15,0,0.059970866,674.9463149,2,3,0
2,2,0.508666462,0,111,13,0,0,0.059970866,674.9463149,2,3,0
1,4,0.508666462,0,123,16,16,0,0.067833041,793.8569506,3,2,0
1,4,0.508666462,0,123,10,10,0,0.067833041,793.8569506,3,2,0
1,4,0.508666462,0,123,11,11,0,0.067833041,793.8569506,3,2,0
1,4,0.508666462,0,123,19,0,0,0.067833041,793.8569506,3,2,0
2,1,0.491333538,0,152,26,0,0.27,0.126521118,215.1480517,0,4,0
4,4,0.508666462,0,152,13,0,0,0.217237545,398.8259919,0,7,0
4,4,0.508666462,0,152,13,0,0,0.217237545,398.8259919,0,7,0
2,0,0.491333538,0,153,25,0,0,0.21785872,232.3744842,0,4,0
1,0,0.491333538,0,152,26,0,0,0.256652519,232.3744842,0,4,0
1,3,0.508666462,0,152,26,0,0,0.202885187,232.3744842,0,4,0
1,2,0.508666462,0,119,11,0,0,0.531482565,420.3450792,0,4,1
1,2,0.508666462,0,119,12,0,0,0.531482565,420.3450792,0,4,1
1,2,0.508666462,0,119,16,0,0.245,0.531482565,420.3450792,0,4,1
1,2,0.508666462,0,119,14,14,0.245,0.531482565,420.3450792,0,4,1
1,3,0.508666462,0,105,24,0,0,0.564063414,218.7532379,0,6,0
1,3,0.508666462,0,105,13,0,0,0.564063414,218.7532379,0,6,0
1,3,0.508666462,0,105,16,0,0.015,0.564063414,218.7532379,0,6,0
1,3,0.508666462,0,105,14,0,0.015,0.564063414,218.7532379,0,6,0
2,0,0.491333538,0,88,33,0,0,0.557036422,662.0846256,0,6,2
2,0,0.491333538,0,88,9,0,0.01,0.557036422,662.0846256,0,6,2
2,0,0.491333538,0,88,13,0,0.01,0.557036422,662.0846256,0,6,2
2,0,0.491333538,0,88,13,13,0.12,0.557036422,662.0846256,0,6,2
2,0,0.491333538,0,88,15,15,0.12,0.557036422,662.0846256,0,6,2
2,0,0.491333538,0,88,7,7,0.12,0.557036422,662.0846256,0,6,2
1,1,0.491333538,0,121,9,0,0,0.510547109,213.3182608,0,6,0
1,1,0.491333538,0,121,12,0,0,0.510547109,213.3182608,0,6,0
1,1,0.491333538,0,121,15,0,0,0.510547109,213.3182608,0,6,0
1,1,0.491333538,0,121,15,0,0,0.510547109,213.3182608,0,6,0
3,3,0.508666462,0,94,28,0,0,0.564428047,435.1107837,1,6,1
3,3,0.508666462,0,94,7,0,0.015,0.564428047,435.1107837,1,6,1
3,3,0.508666462,0,94,13,0,0.015,0.564428047,435.1107837,1,6,1
3,3,0.508666462,0,94,16,16,0.035,0.564428047,435.1107837,1,6,1
3,3,0.508666462,0,94,14,14,0.035,0.564428047,435.1107837,1,6,1
3,3,0.508666462,0,94,6,6,0.035,0.564428047,435.1107837,1,6,1
3,3,0.508666462,0,93,12,0,0,0.515987935,253.2061029,0,8,0
3,3,0.508666462,0,93,24,0,0.005,0.515987935,253.2061029,0,8,0
3,3,0.508666462,0,93,14,0,0.005,0.515987935,253.2061029,0,8,0
3,3,0.508666462,0,93,14,0,0,0.515987935,253.2061029,0,8,0
3,3,0.508666462,0,93,15,0,0,0.515987935,253.2061029,0,8,0
1,0,0.491333538,0,93,28,0,0,0.477366278,473.8702568,0,6,2
1,0,0.491333538,0,93,9,0,0.045,0.477366278,473.8702568,0,6,2
1,0,0.491333538,0,93,14,0,0.045,0.477366278,473.8702568,0,6,2
1,0,0.491333538,0,93,12,12,0.24,0.477366278,473.8702568,0,6,2
1,0,0.491333538,0,93,15,15,0.24,0.477366278,473.8702568,0,6,2
1,0,0.491333538,0,93,8,8,0.24,0.477366278,473.8702568,0,6,2
2,4,0.508666462,0,122,7,0,0.01,0.354242072,213.3182608,0,6,0
2,4,0.508666462,0,122,13,0,0.01,0.354242072,213.3182608,0,6,0
2,4,0.508666462,0,122,14,0,0.005,0.354242072,213.3182608,0,6,0
2,4,0.508666462,0,122,16,0,0.005,0.354242072,213.3182608,0,6,0
1,0,0.491333538,0,121,9,0,0.015,0.543813204,749.7820235,0,5,2
1,0,0.491333538,0,121,13,0,0.015,0.543813204,749.7820235,0,5,2
1,0,0.491333538,0,121,14,14,0.265,0.543813204,749.7820235,0,5,2
1,0,0.491333538,0,121,14,14,0.265,0.543813204,749.7820235,0,5,2
1,0,0.491333538,0,121,6,6,0.265,0.543813204,749.7820235,0,5,2
5,3,0.508666462,0,121,8,0,0,0.477162239,187.478612,0,5,0
5,3,0.508666462,0,121,13,0,0,0.477162239,187.478612,0,5,0
5,3,0.508666462,0,121,15,0,0.1,0.477162239,187.478612,0,5,0
5,3,0.508666462,0,121,13,0,0.1,0.477162239,187.478612,0,5,0
5,3,0.508666462,0,122,7,0,0,0.485947395,183.6254582,0,6,0
5,3,0.508666462,0,122,10,0,0,0.485947395,183.6254582,0,6,0
5,3,0.508666462,0,122,18,0,0,0.485947395,183.6254582,0,6,0
5,3,0.508666462,0,122,14,0,0,0.485947395,183.6254582,0,6,0
2,0,0.491333538,0,89,32,0,0,0.449476262,614.3570698,0,6,2
2,0,0.491333538,0,89,8,0,0.005,0.449476262,614.3570698,0,6,2
2,0,0.491333538,0,89,13,0,0.005,0.449476262,614.3570698,0,6,2
2,0,0.491333538,0,89,14,14,0,0.449476262,614.3570698,0,6,2
2,0,0.491333538,0,89,15,15,0,0.449476262,614.3570698,0,6,2
2,0,0.491333538,0,89,7,7,0,0.449476262,614.3570698,0,6,2
