Annual_costs,Mildew_incidence,Mildew_may,Pruning,Susceptibility_to_R6_Strains,Interval,First_spray_date,Group
19.08037944,-0.01655527,0.009784061,3,1,3.38285492,10.86365157,NonSynthetic
19.84409996,0.013098545,0.009784061,3,1,3.945379715,10.86365157,Synthetic
19.46300058,0.026964632,0.009784061,3,1,4.208415618,10.86365157,Mixture
19.24727432,0.122021919,0.024631204,3,4,3.38285492,10.86365157,NonSynthetic
20.01099483,0.151675734,0.024631204,3,4,3.945379715,10.86365157,Synthetic
19.62989546,0.165541821,0.024631204,3,4,4.208415618,10.86365157,Mixture
20.00703706,0.172214325,0.024631204,3,4,3.38285492,10.86365157,NonSynthetic
20.77075757,0.20186814,0.024631204,3,4,3.945379715,10.86365157,Synthetic
20.67988066,0.215734227,0.024631204,3,4,4.208415618,10.86365157,Mixture
21.05342306,0.063121308,0.020595733,4,2,3.38285492,10.76288524,NonSynthetic
21.81714357,0.092775122,0.020595733,4,2,3.945379715,10.76288524,Synthetic
21.38434235,0.106641209,0.020595733,4,2,4.208415618,10.76288524,Mixture
20.15653606,0.054539149,0.009784061,3,1,3.38285492,10.86365157,NonSynthetic
20.92025658,0.084192963,0.009784061,3,1,3.945379715,10.86365157,Synthetic
19.8384982,0.09805905,0.009784061,3,1,4.208415618,10.86365157,Mixture
20.7396909,0.09306426,0.009784061,3,1,3.38285492,10.86365157,NonSynthetic
21.50341141,0.122718075,0.009784061,3,1,3.945379715,10.86365157,Synthetic
20.42165304,0.136584162,0.009784061,3,1,4.208415618,10.86365157,Mixture
20.58148409,0.163876351,0.029292988,4,4,3.38285492,10.76288524,NonSynthetic
21.34520461,0.193530166,0.029292988,4,4,3.945379715,10.76288524,Synthetic
20.55366869,0.207396253,0.029292988,4,4,4.208415618,10.76288524,Mixture
20.8894644,0.102958786,0.004254323,2,1,3.38285492,10.98317906,NonSynthetic
21.65318491,0.132612601,0.004254323,2,1,3.945379715,10.98317906,Synthetic
23.37406254,0.146478688,0.004254323,2,1,4.208415618,10.98317906,Mixture
22.69059207,0.256872014,0.024702848,5,2,3.446672637,10.67410832,NonSynthetic
23.45431259,0.286525828,0.024702848,5,2,4.009197432,10.67410832,Synthetic
22.01064537,0.300391915,0.024702848,5,2,4.272233335,10.67410832,Mixture
22.13351079,0.56230617,0.015933949,3,2,3.612952972,10.86365157,NonSynthetic
22.89723131,0.591959984,0.015933949,3,2,4.175477767,10.86365157,Synthetic
20.70437739,0.605826072,0.015933949,3,2,4.43851367,10.86365157,Mixture
25.65972373,0.281326158,0.024631204,3,4,2.964030708,10.86365157,NonSynthetic
26.81198461,0.305999623,0.024631204,3,4,3.432079629,10.86365157,Mixture
27.45361545,0.297775135,0.024631204,3,4,3.276063322,10.86365157,Synthetic
22.91453189,0.32484606,0.024631204,3,4,3.789591406,10.86365157,Mixture
21.76479341,0.080613021,0.009784061,3,1,3.38285492,10.86365157,NonSynthetic
22.52851392,0.110266835,0.009784061,3,1,3.945379715,10.86365157,Synthetic
20.93383756,0.124132923,0.009784061,3,1,4.208415618,10.86365157,Mixture
24.70048006,0.170374226,0.029421823,5,3,3.38285492,10.67410832,NonSynthetic
25.46420057,0.200028041,0.029421823,5,3,3.945379715,10.67410832,Synthetic
22.28046519,0.213894128,0.029421823,5,3,4.208415618,10.67410832,Mixture
22.68711157,0.445025808,0.020652924,3,3,3.493390449,10.86365157,NonSynthetic
23.45083208,0.474679623,0.020652924,3,3,4.055915243,10.86365157,Synthetic
23.58938163,0.48854571,0.020652924,3,3,4.318951146,10.86365157,Mixture
20.68548645,0.089483337,0.009784061,3,1,3.38285492,10.86365157,NonSynthetic
21.44920696,0.119137152,0.009784061,3,1,3.945379715,10.86365157,Synthetic
20.36744859,0.133003239,0.009784061,3,1,4.208415618,10.86365157,Mixture
22.40522072,0.156806775,0.009784061,3,1,3.38285492,10.86365157,NonSynthetic
23.16894123,0.18646059,0.009784061,3,1,3.945379715,10.86365157,Synthetic
22.78784186,0.200326677,0.009784061,3,1,4.208415618,10.86365157,Mixture
21.87202134,0.22996041,0.029292988,4,4,3.38285492,10.76288524,NonSynthetic
22.63574185,0.259614225,0.029292988,4,4,3.945379715,10.76288524,Synthetic
21.776679,0.273480312,0.029292988,4,4,4.208415618,10.76288524,Mixture
21.21900605,0.078441563,0.009784061,3,1,3.38285492,10.86365157,NonSynthetic
21.98272656,0.108095378,0.009784061,3,1,3.945379715,10.86365157,Synthetic
21.19119065,0.121961465,0.009784061,3,1,4.208415618,10.86365157,Mixture
20.44929896,0.073880021,0.018552959,5,1,3.38285492,10.67410832,NonSynthetic
21.21301948,0.103533836,0.018552959,5,1,3.945379715,10.67410832,Synthetic
21.69798226,0.117399923,0.018552959,5,1,4.208415618,10.67410832,Mixture
20.66730013,0.278838801,0.033400103,5,4,3.446672637,10.67410832,NonSynthetic
21.43102065,0.308492615,0.033400103,5,4,4.009197432,10.67410832,Synthetic
21.88464276,0.322358703,0.033400103,5,4,4.272233335,10.67410832,Mixture
20.57813082,0.175765304,0.020652924,3,3,3.38285492,10.86365157,NonSynthetic
21.34185134,0.205419118,0.020652924,3,3,3.945379715,10.86365157,Synthetic
20.26009296,0.219285205,0.020652924,3,3,4.208415618,10.86365157,Mixture
23.0217986,0.294937637,0.025314708,4,3,3.438122684,10.76288524,NonSynthetic
23.78551911,0.324591451,0.025314708,4,3,4.000647479,10.76288524,Synthetic
22.8070917,0.338457539,0.025314708,4,3,4.263683382,10.76288524,Mixture
26.3378765,1.066173885,0.033400103,5,4,4.742580285,10.67410832,NonSynthetic
28.91005906,1.066173885,0.033400103,5,4,4.742580285,10.67410832,NonSynthetic
29.78234112,1.101067434,0.033400103,5,4,5.404501417,10.67410832,Synthetic
30.68974415,1.089436251,0.033400103,5,4,5.18386104,10.67410832,Mixture
24.14537634,0.327455149,0.010404211,2,2,4.130727356,10.98317906,NonSynthetic
24.35958514,0.327455149,0.010404211,2,2,4.130727356,10.98317906,NonSynthetic
24.60272305,0.347600949,0.010404211,2,2,4.5128877,10.98317906,Synthetic
23.36825443,0.381386726,0.010404211,2,2,5.153794699,10.98317906,NonSynthetic
23.13087118,0.26007466,0.033400103,5,4,3.38285492,10.67410832,NonSynthetic
24.81227197,0.286082776,0.033400103,5,4,3.876221802,10.67410832,Synthetic
25.1436912,0.281834611,0.033400103,5,4,3.795635269,10.67410832,NonSynthetic
25.74676797,0.301197102,0.033400103,5,4,4.162936455,10.67410832,Mixture
27.14011609,0.283337026,0.033400103,5,4,3.824135674,10.67410832,NonSynthetic
22.77813608,0.236771829,0.033400103,5,4,3.38285492,10.67410832,NonSynthetic
24.45953687,0.262779945,0.033400103,5,4,3.876221802,10.67410832,Synthetic
24.79095611,0.25853178,0.033400103,5,4,3.795635269,10.67410832,NonSynthetic
25.39403287,0.277894271,0.033400103,5,4,4.162936455,10.67410832,Mixture
26.787381,0.260034195,0.033400103,5,4,3.824135674,10.67410832,NonSynthetic
21.2433839,0.046727734,0.018552959,5,1,4.768005666,10.67410832,NonSynthetic
21.0770568,0.095384463,0.018552959,5,1,5.691010586,10.67410832,Synthetic
21.72965972,0.087019333,0.018552959,5,1,5.532326354,10.67410832,NonSynthetic
30.01634191,0.826621609,0.015123186,2,3,4.410765675,10.98317906,Mixture
32.73855101,0.780096877,0.015123186,2,3,3.528204166,10.98317906,Mixture
29.52391154,0.804770342,0.015123186,2,3,3.996253087,10.98317906,Synthetic
28.65200007,0.815946591,0.015123186,2,3,4.208263482,10.98317906,Mixture
31.70436721,0.802744102,0.032797924,4,5,3.235246379,10.76288524,Synthetic
32.72898068,0.767850553,0.032797924,4,5,2.573325247,10.76288524,Synthetic
32.5016838,0.792524018,0.032797924,4,5,3.041374168,10.76288524,Mixture
33.14331464,0.78429953,0.032797924,4,5,2.885357861,10.76288524,NonSynthetic
31.4092442,0.795128095,0.032797924,4,5,3.090772799,10.76288524,Mixture
31.4092442,0.767850553,0.032797924,4,5,2.573325247,10.76288524,Mixture
31.72248687,0.767850553,0.032797924,4,5,2.573325247,10.76288524,Mixture
24.3257592,0.267127316,0.019101466,2,4,3.317849673,10.98317906,NonSynthetic
30.13298782,0.267127316,0.019101466,2,4,3.317849673,10.98317906,NonSynthetic
30.47683675,0.267127316,0.019101466,2,4,3.317849673,10.98317906,NonSynthetic
31.58817396,0.281372548,0.019101466,2,4,3.588077844,10.98317906,Synthetic
28.86113244,0.267127316,0.019101466,2,4,3.317849673,10.98317906,Synthetic
28.33605365,0.29561778,0.019101466,2,4,3.858306015,10.98317906,NonSynthetic
24.97112254,0.397231448,0.029292988,4,4,2.621554913,10.76288524,NonSynthetic
24.74382565,0.397231448,0.029292988,4,4,2.621554913,10.76288524,NonSynthetic
24.6397033,0.397231448,0.029292988,4,4,2.621554913,10.76288524,NonSynthetic
27.84258214,0.44375618,0.029292988,4,4,3.504116422,10.76288524,Synthetic
27.59274846,0.418991399,0.029292988,4,4,3.034335262,10.76288524,Mixture
27.71867594,0.397231448,0.029292988,4,4,2.621554913,10.76288524,Mixture
27.71867594,0.397231448,0.029292988,4,4,2.621554913,10.76288524,Mixture
27.85561392,0.415621963,0.029292988,4,4,2.970417981,10.76288524,Synthetic
22.00392416,0.623630781,0.025314708,4,3,3.759699356,10.76288524,NonSynthetic
25.56560291,0.673658391,0.025314708,4,3,4.708709502,10.76288524,Mixture
27.81172011,0.623630781,0.025314708,4,3,3.759699356,10.76288524,Mixture
17.70290598,0.101004313,0.011894972,1,4,4.032180049,11.13895031,NonSynthetic
18.8465454,0.101004313,0.011894972,1,4,4.032180049,11.13895031,NonSynthetic
17.83125783,0.101004313,0.011894972,1,4,4.032180049,11.13895031,NonSynthetic
16.83680614,0.043786931,0.011894972,1,4,4.032180049,11.13895031,NonSynthetic
17.98044556,0.043786931,0.011894972,1,4,4.032180049,11.13895031,NonSynthetic
16.96515799,0.043786931,0.011894972,1,4,4.032180049,11.13895031,NonSynthetic
20.35075096,0.042905248,0.020652924,3,3,4.292559927,10.86365157,NonSynthetic
21.61149682,0.086425149,0.020652924,3,3,5.118120625,10.86365157,Synthetic
17.59694774,0.033091022,0.019101466,2,4,4.557060322,10.98317906,NonSynthetic
18.11677212,0.067432317,0.019101466,2,4,4.557060322,10.98317906,NonSynthetic
21.86644312,0.029094161,0.029421823,5,3,4.783842282,10.67410832,Synthetic
18.79771735,0.113590098,0.011894972,1,4,4.286155586,11.13895031,NonSynthetic
19.94135678,0.113590098,0.011894972,1,4,4.286155586,11.13895031,NonSynthetic
20.73138135,0.068050933,0.020652924,3,3,4.292559927,10.86365157,NonSynthetic
21.29146821,0.111570835,0.020652924,3,3,5.118120625,10.86365157,Synthetic
20.24234017,0.035743277,0.015123186,2,3,4.292559927,10.98317906,NonSynthetic
20.80242704,0.079263179,0.015123186,2,3,5.118120625,10.98317906,Synthetic
18.73670502,-0.061701688,0.004254323,2,1,4.48975562,10.98317906,NonSynthetic
14.15594909,0.046419264,0.020595733,4,2,2.576467756,10.76288524,NonSynthetic
14.03873866,0.046419264,0.020595733,4,2,2.576467756,10.76288524,NonSynthetic
14.15594909,0.046419264,0.020595733,4,2,2.576467756,10.76288524,NonSynthetic
13.54011184,0.046419264,0.020595733,4,2,2.576467756,10.76288524,NonSynthetic
13.6308703,0.046419264,0.020595733,4,2,2.576467756,10.76288524,NonSynthetic
16.04295711,0.058506554,-0.002952171,1,1,2.952530357,11.13895031,NonSynthetic
15.92574667,0.058506554,-0.002952171,1,1,2.952530357,11.13895031,NonSynthetic
16.16888458,0.058506554,-0.002952171,1,1,2.952530357,11.13895031,NonSynthetic
15.92574667,0.058506554,-0.002952171,1,1,2.952530357,11.13895031,NonSynthetic
16.04295711,0.058506554,-0.002952171,1,1,2.952530357,11.13895031,NonSynthetic
15.33978997,0.058506554,-0.002952171,1,1,2.952530357,11.13895031,NonSynthetic
16.77018641,-0.021001874,-0.017799315,1,0,2.952530357,11.13895031,NonSynthetic
16.65297597,-0.021001874,-0.017799315,1,0,2.952530357,11.13895031,NonSynthetic
16.89611388,-0.021001874,-0.017799315,1,0,2.952530357,11.13895031,NonSynthetic
16.65297597,-0.021001874,-0.017799315,1,0,2.952530357,11.13895031,NonSynthetic
16.77018641,-0.021001874,-0.017799315,1,0,2.952530357,11.13895031,NonSynthetic
16.06701927,-0.021001874,-0.017799315,1,0,2.952530357,11.13895031,NonSynthetic
19.98841494,0.102549787,-0.002952171,1,1,4.083178825,11.13895031,NonSynthetic
19.72058264,0.102549787,-0.002952171,1,1,4.083178825,11.13895031,NonSynthetic
21.03227259,0.100528259,0.009784061,3,1,4.083178825,10.86365157,NonSynthetic
19.62644878,0.100528259,0.009784061,3,1,4.083178825,10.86365157,NonSynthetic
16.76339021,0.188927231,0.029292988,4,4,3.084418831,10.76288524,NonSynthetic
19.61231302,0.188927231,0.029292988,4,4,3.084418831,10.76288524,NonSynthetic
19.49510259,0.188927231,0.029292988,4,4,3.084418831,10.76288524,NonSynthetic
19.87517848,0.188927231,0.029292988,4,4,3.084418831,10.76288524,NonSynthetic
19.00589318,0.188927231,0.029292988,4,4,3.084418831,10.76288524,NonSynthetic
17.49275388,0.237111375,0.019101466,2,4,3.084418831,10.98317906,NonSynthetic
19.70181369,0.237111375,0.019101466,2,4,3.084418831,10.98317906,NonSynthetic
19.58460325,0.237111375,0.019101466,2,4,3.084418831,10.98317906,NonSynthetic
19.58460325,0.237111375,0.019101466,2,4,3.084418831,10.98317906,NonSynthetic
19.70181369,0.237111375,0.019101466,2,4,3.084418831,10.98317906,NonSynthetic
18.05870006,0.267226956,0.011894972,1,4,3.084418831,11.13895031,NonSynthetic
20.02967996,0.267226956,0.011894972,1,4,3.084418831,11.13895031,NonSynthetic
19.91246953,0.267226956,0.011894972,1,4,3.084418831,11.13895031,NonSynthetic
20.29254542,0.267226956,0.011894972,1,4,3.084418831,11.13895031,NonSynthetic
19.50460117,0.267226956,0.011894972,1,4,3.084418831,11.13895031,NonSynthetic
17.81776999,0.198841972,0.029292988,4,4,3.338394368,10.76288524,NonSynthetic
20.14353475,0.198841972,0.029292988,4,4,3.338394368,10.76288524,NonSynthetic
20.26074518,0.198841972,0.029292988,4,4,3.338394368,10.76288524,NonSynthetic
20.14353475,0.198841972,0.029292988,4,4,3.338394368,10.76288524,NonSynthetic
17.51998808,0.198841972,0.029292988,4,4,3.338394368,10.76288524,NonSynthetic
24.88969823,0.100782418,0.022606402,2,5,3.71101458,10.98317906,NonSynthetic
25.02975329,0.137563448,0.022606402,2,5,4.408740716,10.98317906,Synthetic
20.26074643,0.06839745,0.019101466,2,4,3.71101458,10.98317906,NonSynthetic
20.40080148,0.10517848,0.019101466,2,4,4.408740716,10.98317906,Synthetic
22.86385161,0.038603143,0.024631204,3,4,3.71101458,10.86365157,NonSynthetic
23.00390667,0.075384173,0.024631204,3,4,4.408740716,10.86365157,Synthetic
25.31080479,0.098491251,0.019101466,2,4,3.71101458,10.98317906,NonSynthetic
25.45085985,0.135272281,0.019101466,2,4,4.408740716,10.98317906,Synthetic
20.02113741,0.098892308,0.007916692,1,3,3.992514273,11.13895031,NonSynthetic
22.68284458,0.118247956,0.019101466,2,4,4.246489811,10.98317906,NonSynthetic
19.13405286,0.012375242,0.009784061,3,1,3.992514273,10.86365157,NonSynthetic
19.41982034,0.103190923,0.007916692,1,3,3.992514273,11.13895031,NonSynthetic
18.92192063,0.091735324,0.015123186,2,3,3.992514273,10.98317906,NonSynthetic
19.05595087,0.007215569,0.009784061,3,1,3.992514273,10.86365157,NonSynthetic
23.39063884,0.173436125,0.011894972,1,4,2.779400946,11.13895031,NonSynthetic
21.02275428,0.212012395,0.011894972,1,4,3.511182292,11.13895031,Synthetic
23.03533305,0.173436125,0.011894972,1,4,2.779400946,11.13895031,Synthetic
21.86346834,0.210217155,0.011894972,1,4,3.477127082,11.13895031,NonSynthetic
24.09129784,0.173436125,0.011894972,1,4,2.779400946,11.13895031,NonSynthetic
24.61866434,0.116731791,0.003197717,1,2,2.868527809,11.13895031,NonSynthetic
22.25077978,0.155308061,0.003197717,1,2,3.600309154,11.13895031,Synthetic
23.56269955,0.116731791,0.003197717,1,2,2.868527809,11.13895031,Synthetic
22.61478346,0.150642226,0.003197717,1,2,3.511799522,11.13895031,Mixture
25.47976247,0.120785154,0.004254323,2,1,2.868527809,10.98317906,NonSynthetic
23.11187791,0.159361424,0.004254323,2,1,3.600309154,10.98317906,Synthetic
25.41467914,0.120785154,0.004254323,2,1,2.868527809,10.98317906,Synthetic
24.46676305,0.154695589,0.004254323,2,1,3.511799522,10.98317906,Mixture
25.87474391,-0.037040981,-0.017799315,1,0,3.287352021,11.13895031,NonSynthetic
23.57605287,0.00064836,-0.017799315,1,0,4.002308557,11.13895031,Synthetic
24.70156868,-0.037040981,-0.017799315,1,0,3.287352021,11.13895031,Synthetic
27.51031121,0.212014709,0.009784061,3,1,3.049587731,10.86365157,NonSynthetic
25.14242665,0.250590979,0.009784061,3,1,3.781369077,10.86365157,Synthetic
26.12873162,0.212014709,0.009784061,3,1,3.049587731,10.86365157,Synthetic
25.95713895,0.243868016,0.009784061,3,1,3.65383629,10.86365157,NonSynthetic
25.50978917,0.174758461,0.015123186,2,3,4.189146191,10.98317906,Synthetic
26.23780233,0.138908747,0.015123186,2,3,3.509086875,10.98317906,Synthetic
25.44048575,0.173802296,0.015123186,2,3,4.171008007,10.98317906,NonSynthetic
23.24395201,0.214452242,0.007916692,1,3,3.248232164,11.13895031,NonSynthetic
24.2999168,0.214452242,0.007916692,1,3,3.248232164,11.13895031,NonSynthetic
20.84569737,0.257972144,0.007916692,1,3,4.073792861,11.13895031,Synthetic
21.59537692,0.248362676,0.007916692,1,3,3.891503877,11.13895031,Mixture
28.65767526,0.167258868,0.015123186,2,3,3.975907302,10.98317906,Synthetic
24.7680816,0.179061583,0.007916692,1,3,4.450216731,11.13895031,Synthetic
25.98945971,0.136325887,0.007916692,1,3,3.639532219,11.13895031,Synthetic
25.19214313,0.171219436,0.007916692,1,3,4.301453351,11.13895031,NonSynthetic
22.59036212,0.070519448,-0.002952171,1,1,2.877605607,11.13895031,NonSynthetic
22.70757255,0.070519448,-0.002952171,1,1,2.877605607,11.13895031,NonSynthetic
22.18249376,0.099009912,-0.002952171,1,1,3.418061949,11.13895031,Synthetic
23.18093467,0.070519448,-0.002952171,1,1,2.877605607,11.13895031,Synthetic
22.23636684,0.107300478,-0.002952171,1,1,3.575331744,11.13895031,NonSynthetic
25.29139867,0.036939741,0.009784061,3,1,3.452943488,10.86365157,Synthetic
25.02904754,0.068793048,0.009784061,3,1,4.057192047,10.86365157,NonSynthetic
26.87244225,0.036939741,0.009784061,3,1,3.452943488,10.86365157,NonSynthetic
24.38047897,0.185395998,0.007916692,1,3,4.465092917,11.13895031,Synthetic
26.03807704,0.141876096,0.007916692,1,3,3.639532219,11.13895031,Synthetic
26.03807704,0.171529911,0.007916692,1,3,4.202057014,11.13895031,NonSynthetic
25.59122081,0.273917416,0.015123186,2,3,2.96673247,10.98317906,NonSynthetic
23.94879758,0.313360676,0.015123186,2,3,3.714960393,10.98317906,Synthetic
26.27923925,0.273917416,0.015123186,2,3,2.96673247,10.98317906,Synthetic
26.36999771,0.302407879,0.015123186,2,3,3.507188811,10.98317906,Mixture
26.41101617,0.198880885,0.015123186,2,3,3.001135801,10.98317906,NonSynthetic
24.33043791,0.233774433,0.015123186,2,3,3.663056933,10.98317906,Synthetic
24.42918872,0.198880885,0.015123186,2,3,3.001135801,10.98317906,Synthetic
24.42918872,0.229654102,0.015123186,2,3,3.584895368,10.98317906,NonSynthetic
25.3963922,0.21057218,0.029421823,5,3,4.737775018,10.67410832,NonSynthetic
26.4812752,0.173312824,0.015123186,2,3,4.408952763,10.98317906,Synthetic
26.95225742,0.138419275,0.015123186,2,3,3.747031631,10.98317906,Synthetic
26.95225742,0.169192493,0.015123186,2,3,4.330791198,10.98317906,NonSynthetic
29.43645642,0.305030848,0.019101466,2,4,2.603239363,10.98317906,NonSynthetic
27.06857186,0.343607118,0.019101466,2,4,3.335020708,10.98317906,Synthetic
26.55107738,0.305030848,0.019101466,2,4,2.603239363,10.98317906,Synthetic
28.22287943,0.305030848,0.019101466,2,4,2.603239363,10.98317906,Synthetic
26.55107738,0.334684662,0.019101466,2,4,3.165764158,10.98317906,Mixture
24.3954519,0.000497585,-0.017799315,1,0,4.289320151,11.13895031,Synthetic
25.00420453,-0.038078685,-0.017799315,1,0,3.557538806,11.13895031,Synthetic
24.91994175,-0.006225378,-0.017799315,1,0,4.161787365,11.13895031,NonSynthetic
25.35772844,0.238706692,0.020652924,3,3,4.289320151,10.86365157,Synthetic
26.47939906,0.200130422,0.020652924,3,3,3.557538806,10.86365157,Synthetic
26.31363847,0.233028375,0.020652924,3,3,4.181604034,10.86365157,NonSynthetic
25.48478635,0.093985294,0.014445845,4,1,4.543295688,10.76288524,Synthetic
25.39287998,0.055409025,0.014445845,4,1,3.811514343,10.76288524,Synthetic
27.90726916,0.526685827,0.015123186,2,3,4.316781626,10.98317906,Synthetic
28.95143233,0.490836113,0.015123186,2,3,3.63672231,10.98317906,Synthetic
28.33493548,0.524746548,0.015123186,2,3,4.279994023,10.98317906,NonSynthetic
25.7712553,0.252572418,0.007916692,1,3,4.543295688,11.13895031,Synthetic
27.16799681,0.213996148,0.007916692,1,3,3.811514343,11.13895031,Synthetic
25.61883347,0.205497035,-0.002952171,1,1,4.124471477,11.13895031,Synthetic
26.31491598,0.166920765,-0.002952171,1,1,3.392690131,11.13895031,Synthetic
26.31491598,0.196574579,-0.002952171,1,1,3.955214926,11.13895031,Mixture
23.77734627,0.175131229,0.020652924,3,3,4.240133678,10.86365157,Synthetic
25.89374355,0.137441889,0.020652924,3,3,3.525177141,10.86365157,Synthetic
24.76822773,0.175131229,0.020652924,3,3,4.240133678,10.86365157,NonSynthetic
23.7308659,0.206237924,0.029292988,4,4,4.240133678,10.76288524,Synthetic
24.85638172,0.168548584,0.029292988,4,4,3.525177141,10.76288524,Synthetic
23.7308659,0.206237924,0.029292988,4,4,4.240133678,10.76288524,NonSynthetic
24.35242249,-0.067544185,-0.017799315,1,0,4.494109215,11.13895031,Synthetic
25.47793831,-0.105233525,-0.017799315,1,0,3.779152678,11.13895031,Synthetic
22.6749234,0.282163286,0.032797924,4,5,3.558157472,10.76288524,NonSynthetic
23.46235332,0.282163286,0.032797924,4,5,3.558157472,10.76288524,NonSynthetic
22.93727453,0.282163286,0.032797924,4,5,3.558157472,10.76288524,NonSynthetic
26.30357,0.244163934,0.024631204,3,4,3.79513371,10.86365157,NonSynthetic
27.02121746,0.244163934,0.024631204,3,4,3.79513371,10.86365157,NonSynthetic
19.15072462,0.119281153,0.014445845,4,1,3.558157472,10.76288524,NonSynthetic
19.34438418,0.119281153,0.014445845,4,1,3.558157472,10.76288524,NonSynthetic
18.8883735,0.119281153,0.014445845,4,1,3.558157472,10.76288524,NonSynthetic
21.19751007,0.419270449,0.020652924,3,3,3.457126515,10.86365157,NonSynthetic
21.67338032,0.419270449,0.020652924,3,3,3.457126515,10.86365157,NonSynthetic
21.28483994,0.419270449,0.020652924,3,3,3.457126515,10.86365157,NonSynthetic
21.75712505,0.452168402,0.020652924,3,3,4.081191743,10.86365157,Mixture
20.00364144,0.228709831,0.025314708,4,3,3.558157472,10.76288524,NonSynthetic
20.39218181,0.228709831,0.025314708,4,3,3.558157472,10.76288524,NonSynthetic
19.91631156,0.228709831,0.025314708,4,3,3.558157472,10.76288524,NonSynthetic
24.44622551,0.356916544,0.011894972,1,4,2.957485286,11.13895031,NonSynthetic
24.63988506,0.356916544,0.011894972,1,4,2.957485286,11.13895031,NonSynthetic
24.35546704,0.356916544,0.011894972,1,4,2.957485286,11.13895031,NonSynthetic
22.09817394,0.389814497,0.011894972,1,4,3.581550515,11.13895031,Mixture
22.63568243,0.356916544,0.011894972,1,4,2.957485286,11.13895031,Mixture
25.3926119,0.364813262,0.029292988,4,4,2.703509749,10.76288524,NonSynthetic
25.59576813,0.364813262,0.029292988,4,4,2.703509749,10.76288524,NonSynthetic
25.29798622,0.364813262,0.029292988,4,4,2.703509749,10.76288524,NonSynthetic
22.85992573,0.400662975,0.029292988,4,4,3.383569065,10.76288524,Mixture
23.52868097,0.364813262,0.029292988,4,4,2.703509749,10.76288524,Mixture
24.70649771,0.396335859,0.024631204,3,4,2.703509749,10.86365157,NonSynthetic
24.90965394,0.396335859,0.024631204,3,4,2.703509749,10.86365157,NonSynthetic
24.61187203,0.396335859,0.024631204,3,4,2.703509749,10.86365157,NonSynthetic
23.98743742,0.432185573,0.024631204,3,4,3.383569065,10.86365157,Mixture
24.65619266,0.396335859,0.024631204,3,4,2.703509749,10.86365157,Mixture
19.98870648,0.320665446,0.029292988,4,4,2.991554864,10.76288524,NonSynthetic
20.36045438,0.320665446,0.029292988,4,4,2.991554864,10.76288524,NonSynthetic
20.07603635,0.320665446,0.029292988,4,4,2.991554864,10.76288524,NonSynthetic
19.37537735,0.35031926,0.029292988,4,4,3.554079659,10.76288524,Mixture
19.46613582,0.320665446,0.029292988,4,4,2.991554864,10.76288524,Mixture
26.83758586,0.382734167,0.024631204,3,4,2.957485286,10.86365157,NonSynthetic
27.540753,0.382734167,0.024631204,3,4,2.957485286,10.86365157,NonSynthetic
26.92491574,0.382734167,0.024631204,3,4,2.957485286,10.86365157,NonSynthetic
23.4297013,0.414587473,0.024631204,3,4,3.561733845,10.86365157,Mixture
23.78667811,0.382734167,0.024631204,3,4,2.957485286,10.86365157,Mixture
21.96831256,0.361452067,0.029421823,5,3,3.504422712,10.67410832,NonSynthetic
21.96831256,0.361452067,0.029421823,5,3,3.504422712,10.67410832,NonSynthetic
20.68866574,0.361452067,0.029421823,5,3,3.504422712,10.67410832,NonSynthetic
21.58338704,0.361452067,0.029421823,5,3,3.504422712,10.67410832,NonSynthetic
23.00456996,0.517854096,0.036905038,5,5,3.668693001,10.67410832,NonSynthetic
23.79199988,0.517854096,0.036905038,5,5,3.668693001,10.67410832,NonSynthetic
23.26692108,0.517854096,0.036905038,5,5,3.668693001,10.67410832,NonSynthetic
17.10805059,0.310009724,0.029421823,5,3,3.044000997,10.67410832,NonSynthetic
19.85353402,0.310009724,0.029421823,5,3,3.044000997,10.67410832,NonSynthetic
20.35216084,0.310009724,0.029421823,5,3,3.044000997,10.67410832,NonSynthetic
19.76620415,0.310009724,0.029421823,5,3,3.044000997,10.67410832,NonSynthetic
19.63821069,0.310009724,0.029421823,5,3,3.044000997,10.67410832,NonSynthetic
19.81629904,0.338500187,0.029421823,5,3,3.584457339,10.67410832,Mixture
25.37078136,1.010001215,0.019101466,2,4,2.316111508,10.98317906,NonSynthetic
26.07394849,1.010001215,0.019101466,2,4,2.316111508,10.98317906,NonSynthetic
25.74252926,1.010001215,0.019101466,2,4,2.316111508,10.98317906,NonSynthetic
26.66020691,1.010001215,0.019101466,2,4,2.316111508,10.98317906,NonSynthetic
24.97419514,1.040774432,0.019101466,2,4,2.899871076,10.98317906,Mixture
26.2636207,1.010001215,0.019101466,2,4,2.316111508,10.98317906,Mixture
25.24690916,1.010001215,0.019101466,2,4,2.316111508,10.98317906,Mixture
25.71058982,-0.156658531,0.018552959,5,1,4.119959137,10.67410832,Synthetic
24.76275634,-0.156658531,0.018552959,5,1,4.119959137,10.67410832,Synthetic
25.77435183,-0.024894636,0.033400103,5,4,4.119959137,10.67410832,Synthetic
24.82651834,-0.024894636,0.033400103,5,4,4.119959137,10.67410832,Synthetic
26.26328576,0.007405936,0.033400103,5,4,4.119959137,10.67410832,Synthetic
25.31545228,0.007405936,0.033400103,5,4,4.119959137,10.67410832,Synthetic
25.97487599,-0.086365334,0.024702848,5,2,4.119959137,10.67410832,Synthetic
25.02704251,-0.086365334,0.024702848,5,2,4.119959137,10.67410832,Synthetic
27.03216621,-0.115638702,0.014445845,4,1,4.119959137,10.76288524,Synthetic
25.38367373,-0.115638702,0.014445845,4,1,4.119959137,10.76288524,Synthetic
26.77370482,-0.086425684,0.018552959,5,1,4.119959137,10.67410832,Synthetic
25.82587134,-0.086425684,0.018552959,5,1,4.119959137,10.67410832,Synthetic
26.16935006,0.001200236,0.033400103,5,4,4.119959137,10.67410832,Synthetic
25.22151657,0.001200236,0.033400103,5,4,4.119959137,10.67410832,Synthetic
30.62794175,0.032274028,0.018552959,5,1,4.165085078,10.67410832,Synthetic
27.46117118,0.032274028,0.018552959,5,1,4.165085078,10.67410832,Synthetic
32.0329454,0.083772792,0.020595733,4,2,4.183776855,10.76288524,Synthetic
25.65783062,0.083772792,0.020595733,4,2,4.183776855,10.76288524,Synthetic
28.41263312,-0.056240869,0.024702848,5,2,4.119959137,10.67410832,Synthetic
27.46479963,-0.056240869,0.024702848,5,2,4.119959137,10.67410832,Synthetic
29.11348249,0.016427276,0.033400103,5,4,4.119959137,10.67410832,Synthetic
25.45200836,0.016427276,0.033400103,5,4,4.119959137,10.67410832,Synthetic
27.88420477,0.000138939,0.025314708,4,3,4.119959137,10.76288524,Synthetic
25.7227943,0.000138939,0.025314708,4,3,4.119959137,10.76288524,Synthetic
31.30440901,0.032419212,0.020652924,3,3,4.119959137,10.86365157,Synthetic
28.31339798,0.032419212,0.020652924,3,3,4.119959137,10.86365157,Synthetic
26.72636165,-0.089553329,0.018552959,5,1,4.119959137,10.67410832,Synthetic
25.77852816,-0.089553329,0.018552959,5,1,4.119959137,10.67410832,Synthetic
26.62791852,0.031494765,0.033400103,5,4,4.119959137,10.67410832,Synthetic
25.68008503,0.031494765,0.033400103,5,4,4.119959137,10.67410832,Synthetic
26.90940219,-0.077461073,0.018552959,5,1,4.119959137,10.67410832,Synthetic
25.96156871,-0.077461073,0.018552959,5,1,4.119959137,10.67410832,Synthetic
26.81424241,-0.083747639,0.018552959,5,1,4.119959137,10.67410832,Synthetic
25.86640892,-0.083747639,0.018552959,5,1,4.119959137,10.67410832,Synthetic
26.1700458,0.001246199,0.033400103,5,4,4.119959137,10.67410832,Synthetic
25.22221232,0.001246199,0.033400103,5,4,4.119959137,10.67410832,Synthetic
26.37098736,-0.019656285,0.029421823,5,3,4.119959137,10.67410832,Synthetic
25.42315388,-0.019656285,0.029421823,5,3,4.119959137,10.67410832,Synthetic
26.35617338,-0.020634945,0.029421823,5,3,4.119959137,10.67410832,Synthetic
25.40833989,-0.020634945,0.029421823,5,3,4.119959137,10.67410832,Synthetic
16.42374739,0.215994932,0.029292988,4,4,4.195672416,10.76288524,NonSynthetic
17.73992663,0.215994932,0.029292988,4,4,4.195672416,10.76288524,NonSynthetic
18.25742111,0.215994932,0.029292988,4,4,4.195672416,10.76288524,NonSynthetic
19.23792164,0.215994932,0.029292988,4,4,4.195672416,10.76288524,NonSynthetic
22.92505288,0.259514834,0.029292988,4,4,5.021233113,10.76288524,Mixture
17.53815192,0.169702466,0.024702848,5,2,4.359121371,10.67410832,NonSynthetic
18.98717419,0.169702466,0.024702848,5,2,4.359121371,10.67410832,NonSynthetic
21.16678377,0.169702466,0.024702848,5,2,4.359121371,10.67410832,NonSynthetic
19.70477667,0.22106438,0.024702848,5,2,5.333442896,10.67410832,Mixture
22.5742948,0.096721913,0.024631204,3,4,4.361275979,10.86365157,NonSynthetic
21.45418364,0.146068843,0.024631204,3,4,5.297373821,10.86365157,Synthetic
23.23430758,0.074863648,0.019101466,2,4,4.361275979,10.98317906,NonSynthetic
20.42265595,0.124210578,0.019101466,2,4,5.297373821,10.98317906,Synthetic
18.73018302,-0.008746469,0.009784061,3,1,4.864005185,10.86365157,NonSynthetic
21.31417637,-0.008746469,0.009784061,3,1,4.864005185,10.86365157,NonSynthetic
19.22609441,0.041281141,0.009784061,3,1,5.813015331,10.86365157,Synthetic
22.98103535,0.089415181,0.025314708,4,3,4.538438706,10.76288524,NonSynthetic
21.55558283,0.146396108,0.025314708,4,3,5.619351388,10.76288524,Synthetic
29.28025324,0.145310518,0.036905038,5,5,4.573584557,10.67410832,Synthetic
30.85238409,0.116820055,0.036905038,5,5,4.033128215,10.67410832,Synthetic
21.60959924,0.215383862,0.019101466,2,4,3.486818729,10.98317906,NonSynthetic
27.59666482,0.254827123,0.019101466,2,4,4.235046653,10.98317906,Synthetic
26.25005155,0.252164892,0.019101466,2,4,4.184544866,10.98317906,NonSynthetic
27.30470583,0.238646228,0.019101466,2,4,3.928099484,10.98317906,Mixture
20.96959734,0.13279563,0.029292988,4,4,4.605740723,10.76288524,NonSynthetic
22.91226194,0.13279563,0.029292988,4,4,4.605740723,10.76288524,NonSynthetic
25.66817097,0.176315531,0.029292988,4,4,5.431301421,10.76288524,Synthetic
29.22721804,0.13279563,0.029292988,4,4,4.605740723,10.76288524,Synthetic
21.14670251,0.110318435,0.029421823,5,3,4.605740723,10.67410832,NonSynthetic
23.08936711,0.110318435,0.029421823,5,3,4.605740723,10.67410832,NonSynthetic
25.29399076,0.153838337,0.029421823,5,3,5.431301421,10.67410832,Synthetic
29.76387829,0.110318435,0.029421823,5,3,4.605740723,10.67410832,Synthetic
20.94496088,0.131168064,0.029292988,4,4,4.605740723,10.76288524,NonSynthetic
22.88762548,0.131168064,0.029292988,4,4,4.605740723,10.76288524,NonSynthetic
24.69475817,0.174687966,0.029292988,4,4,5.431301421,10.76288524,Synthetic
23.76912364,0.131168064,0.029292988,4,4,4.605740723,10.76288524,Synthetic
19.25450925,0.10122977,0.029421823,5,3,6.068512098,10.67410832,Synthetic
20.95287219,0.079459984,0.029421823,5,3,5.655545175,10.67410832,NonSynthetic
18.59697484,0.036976104,0.029421823,5,3,4.606039443,10.67410832,NonSynthetic
21.74031116,0.057121903,0.029421823,5,3,4.988199787,10.67410832,Synthetic
20.04029115,0.07891293,0.029421823,5,3,5.401569637,10.67410832,NonSynthetic
18.64367124,-0.053313209,0.018552959,5,1,4.606039443,10.67410832,NonSynthetic
21.78700755,-0.033167409,0.018552959,5,1,4.988199787,10.67410832,Synthetic
20.78764655,-0.011376383,0.018552959,5,1,5.401569637,10.67410832,NonSynthetic
18.70366178,0.044024191,0.029421823,5,3,4.606039443,10.67410832,NonSynthetic
21.8469981,0.064169991,0.029421823,5,3,4.988199787,10.67410832,Synthetic
20.14697809,0.085961018,0.029421823,5,3,5.401569637,10.67410832,NonSynthetic
18.20949558,0.01498922,0.019101466,2,4,4.608272054,10.98317906,NonSynthetic
17.79098057,-0.012659248,0.011894972,1,4,4.608272054,11.13895031,NonSynthetic
21.3944324,0.017161585,0.007916692,1,3,5.04471571,11.13895031,Synthetic
17.22116582,0.008265642,0.011894972,1,4,4.48975562,11.13895031,NonSynthetic
18.08323695,0.14502301,0.011894972,1,4,5.361872664,11.13895031,Mixture
17.90796078,0.058725715,0.003197717,1,2,5.361872664,11.13895031,Mixture
20.98319169,-0.038134057,0.020652924,3,3,4.431187361,10.86365157,NonSynthetic
19.39344812,0.009112032,0.020652924,3,3,5.327432811,10.86365157,Synthetic
18.52468797,0.035811858,0.019101466,2,4,4.608272054,10.98317906,NonSynthetic
21.5402311,0.026793524,0.007916692,1,3,5.04471571,11.13895031,Synthetic
21.40864311,0.018100392,0.007916692,1,3,5.04471571,11.13895031,Synthetic
18.89718095,-0.053976071,0.014445845,4,1,4.441118172,10.76288524,NonSynthetic
19.33565555,-0.053976071,0.014445845,4,1,4.441118172,10.76288524,NonSynthetic
18.7948112,-0.066122961,0.014445845,4,1,4.423602503,10.76288524,NonSynthetic
19.15178801,-0.066122961,0.014445845,4,1,4.423602503,10.76288524,NonSynthetic
18.61296377,0.020621844,0.020652924,3,3,4.441118172,10.86365157,NonSynthetic
19.05143838,0.020621844,0.020652924,3,3,4.441118172,10.86365157,NonSynthetic
19.08586419,-0.17405913,-0.000401299,4,0,4.660139027,10.76288524,NonSynthetic
22.43484795,0.160500938,0.024631204,3,4,3.304371334,10.86365157,NonSynthetic
23.45155948,0.17474617,0.024631204,3,4,3.574599505,10.86365157,Synthetic
21.63956327,0.188991402,0.024631204,3,4,3.844827675,10.86365157,Mixture
21.37721214,0.160500938,0.024631204,3,4,3.304371334,10.86365157,Mixture
20.94569586,0.243016155,0.024631204,3,4,3.150648867,10.86365157,NonSynthetic
22.16634157,0.254647338,0.024631204,3,4,3.371289244,10.86365157,Mixture
21.05053418,0.243016155,0.024631204,3,4,3.150648867,10.86365157,Mixture
20.56716308,0.243016155,0.024631204,3,4,3.150648867,10.86365157,Mixture
26.53930518,0.268879491,0.019101466,2,4,3.183508447,10.98317906,NonSynthetic
26.3120083,0.293552956,0.019101466,2,4,3.651557368,10.98317906,Mixture
21.62741179,0.268879491,0.019101466,2,4,3.183508447,10.98317906,Mixture
20.95865655,0.268879491,0.019101466,2,4,3.183508447,10.98317906,Mixture
25.93864962,0.235377971,0.024631204,3,4,3.167046816,10.86365157,NonSynthetic
27.25392101,0.247009154,0.024631204,3,4,3.387687193,10.86365157,Mixture
22.04601048,0.235377971,0.024631204,3,4,3.167046816,10.86365157,Mixture
22.04601048,0.235377971,0.024631204,3,4,3.167046816,10.86365157,Mixture
20.02422062,0.046430423,0.029421823,5,3,4.187142635,10.67410832,NonSynthetic
18.1808259,0.046430423,0.029421823,5,3,4.187142635,10.67410832,NonSynthetic
18.53780271,0.046430423,0.029421823,5,3,4.187142635,10.67410832,NonSynthetic
22.46872067,0.085359084,0.022606402,2,5,4.514524717,10.98317906,Synthetic
20.11718605,0.053417524,0.019101466,2,4,4.514524717,10.98317906,Synthetic
21.25462559,0.035984851,0.011894972,1,4,4.514524717,11.13895031,Synthetic
21.02700355,0.067235217,0.011894972,1,4,4.514524717,11.13895031,Synthetic
21.39117277,0.033329355,0.015123186,2,3,4.706765752,10.98317906,Synthetic
22.19321293,0.063410809,0.011894972,1,4,4.6438032,11.13895031,Synthetic
21.97700917,-0.057296908,0.004254323,2,1,4.768500254,10.98317906,Synthetic
21.48779389,0.063096346,0.019101466,2,4,4.6438032,10.98317906,Synthetic
21.42374838,0.035481407,0.015123186,2,3,4.706765752,10.98317906,Synthetic
20.58679604,0.04515123,0.015123186,2,3,4.483799481,10.98317906,Synthetic
20.63108981,-0.045296808,0.009784061,3,1,4.483799481,10.86365157,Synthetic
21.68424599,0.07920663,0.033400103,5,4,4.585018447,10.67410832,NonSynthetic
20.63523225,0.050716166,0.033400103,5,4,4.044562106,10.67410832,NonSynthetic
21.65549462,-0.004874961,0.024702848,5,2,4.562009658,10.67410832,NonSynthetic
20.44953173,-0.032152503,0.024702848,5,2,4.044562106,10.67410832,NonSynthetic
22.15888438,-0.016988778,0.018552959,5,1,4.585018447,10.67410832,NonSynthetic
21.10987063,-0.045479242,0.018552959,5,1,4.044562106,10.67410832,NonSynthetic
22.80782386,-0.125158731,0.003705816,5,0,4.464694526,10.67410832,NonSynthetic
21.39870474,-0.149832196,0.003705816,5,0,3.996645605,10.67410832,NonSynthetic
23.45934881,0.073024618,0.004254323,2,1,4.332339052,10.98317906,NonSynthetic
20.01499977,0.128805812,0.004254323,2,1,5.39049313,10.98317906,Synthetic
22.44185933,0.097698083,0.004254323,2,1,4.800387974,10.98317906,NonSynthetic
21.28959844,0.073024618,0.004254323,2,1,4.332339052,10.98317906,NonSynthetic
21.78442866,0.065695535,0.025314708,4,3,4.548749685,10.76288524,NonSynthetic
21.38838744,0.034922317,0.025314708,4,3,3.964990117,10.76288524,NonSynthetic
22.29938042,0.078202875,0.029421823,5,3,4.562009658,10.67410832,NonSynthetic
21.28409285,0.050925333,0.029421823,5,3,4.044562106,10.67410832,NonSynthetic
23.12938355,0.108326581,0.029421823,5,3,4.43792636,10.67410832,NonSynthetic
21.8008533,0.085064215,0.029421823,5,3,3.996645605,10.67410832,NonSynthetic
19.53250752,0.041641884,0.029421823,5,3,4.091499628,10.67410832,NonSynthetic
22.24772434,-0.024577028,0.009784061,3,1,4.352063906,10.86365157,NonSynthetic
18.44400633,0.032403899,0.009784061,3,1,5.432976588,10.86365157,Synthetic
20.96446266,9.64E-05,0.009784061,3,1,4.820112827,10.86365157,NonSynthetic
19.81220177,-0.024577028,0.009784061,3,1,4.352063906,10.86365157,NonSynthetic
19.00766892,0.013534092,0.009784061,3,1,5.698153593,10.86365157,Synthetic
21.57419228,-0.019363862,0.009784061,3,1,5.074088364,10.86365157,NonSynthetic
20.35574848,-0.044037327,0.009784061,3,1,4.606039443,10.86365157,NonSynthetic
22.76985563,0.109284003,0.025314708,4,3,4.562009658,10.76288524,NonSynthetic
21.56389274,0.082006461,0.025314708,4,3,4.044562106,10.76288524,NonSynthetic
22.08530749,0.064060519,0.007916692,1,3,4.514093157,11.13895031,NonSynthetic
21.20384084,0.036782977,0.007916692,1,3,3.996645605,11.13895031,NonSynthetic
19.55928857,-0.040710608,-0.002952171,1,1,4.106761353,11.13895031,NonSynthetic
22.24419271,0.096069049,0.029421823,5,3,4.548749685,10.67410832,NonSynthetic
21.77549513,0.065295831,0.029421823,5,3,3.964990117,10.67410832,NonSynthetic
22.66758566,0.102527715,0.007916692,1,3,4.514093157,11.13895031,NonSynthetic
21.78611901,0.075250173,0.007916692,1,3,3.996645605,11.13895031,NonSynthetic
21.24503882,0.080374076,0.029421823,5,3,5.173626062,10.67410832,NonSynthetic
22.60922588,0.132849617,0.024631204,3,4,4.514093157,10.86365157,NonSynthetic
21.79695274,0.105572075,0.024631204,3,4,3.996645605,10.86365157,NonSynthetic
19.48429515,-0.082529994,0.003705816,5,0,5.698153593,10.67410832,Synthetic
21.84766227,-0.11282387,0.003705816,5,0,5.123486995,10.67410832,NonSynthetic
21.03538913,-0.140101412,0.003705816,5,0,4.606039443,10.67410832,NonSynthetic
22.96611359,0.106224204,0.025314708,4,3,4.464694526,10.76288524,NonSynthetic
21.74766979,0.081550739,0.025314708,4,3,3.996645605,10.76288524,NonSynthetic
22.96353559,-0.031036124,0.014445845,4,1,4.815985195,10.76288524,NonSynthetic
20.71861368,0.115200011,0.029421823,5,3,4.030955615,10.67410832,NonSynthetic
23.16507008,0.135393159,0.029421823,5,3,4.562009658,10.67410832,NonSynthetic
22.08496463,0.108115617,0.029421823,5,3,4.044562106,10.67410832,NonSynthetic
23.0236474,0.032676086,0.018552959,5,1,4.514093157,10.67410832,NonSynthetic
22.14218075,0.005398544,0.018552959,5,1,3.996645605,10.67410832,NonSynthetic
22.51220454,0.060705939,0.033400103,5,4,4.665888429,10.67410832,NonSynthetic
18.48269236,0.120581118,0.033400103,5,4,5.801704289,10.67410832,Synthetic
21.22894286,0.085379404,0.033400103,5,4,5.13393735,10.67410832,NonSynthetic
22.4883341,-0.195974158,0.003705816,5,0,4.665888429,10.67410832,NonSynthetic
18.45882192,-0.136098979,0.003705816,5,0,5.801704289,10.67410832,Synthetic
21.20507242,-0.171300693,0.003705816,5,0,5.13393735,10.67410832,NonSynthetic
22.43190087,0.021223477,0.029421823,5,3,4.665888429,10.67410832,NonSynthetic
18.4023887,0.081098656,0.029421823,5,3,5.801704289,10.67410832,Synthetic
21.1486392,0.045896942,0.029421823,5,3,5.13393735,10.67410832,NonSynthetic
22.4555986,0.050294184,0.029421823,5,3,4.786982271,10.67410832,NonSynthetic
22.74204747,-0.179213025,-0.010592821,2,0,4.606039443,10.98317906,NonSynthetic
18.93832946,-0.122232098,-0.010592821,2,0,5.686952126,10.98317906,Synthetic
21.25562956,-0.151935483,-0.010592821,2,0,5.123486995,10.98317906,NonSynthetic
18.55891019,0.066441318,0.033400103,5,4,4.202531606,10.67410832,NonSynthetic
18.78919082,0.066441318,0.033400103,5,4,4.202531606,10.67410832,NonSynthetic
17.35764557,0.042099881,0.033400103,5,4,4.423602503,10.67410832,NonSynthetic
19.41558955,0.042099881,0.033400103,5,4,4.423602503,10.67410832,NonSynthetic
24.51938473,0.058825932,0.020595733,4,2,3.283346055,10.76288524,NonSynthetic
24.32572517,0.058825932,0.020595733,4,2,3.283346055,10.76288524,NonSynthetic
24.19335191,0.058825932,0.020595733,4,2,3.283346055,10.76288524,NonSynthetic
24.63182652,0.086103474,0.020595733,4,2,3.800793607,10.76288524,Synthetic
24.44644238,0.058825932,0.020595733,4,2,3.283346055,10.76288524,Synthetic
22.43216672,0.130312887,0.029292988,4,4,3.767609554,10.76288524,NonSynthetic
21.60307211,0.130312887,0.029292988,4,4,3.767609554,10.76288524,NonSynthetic
25.19376438,0.130312887,0.029292988,4,4,3.767609554,10.76288524,NonSynthetic
24.53545362,0.170604487,0.029292988,4,4,4.531930241,10.76288524,Synthetic
21.48815094,-0.004996444,0.009784061,3,1,3.767609554,10.86365157,NonSynthetic
20.87231369,-0.004996444,0.009784061,3,1,3.767609554,10.86365157,NonSynthetic
20.70072102,-0.004996444,0.009784061,3,1,3.767609554,10.86365157,NonSynthetic
20.04241026,0.035295155,0.009784061,3,1,4.531930241,10.86365157,Synthetic
20.33751348,0.082879395,0.015123186,2,3,4.21912286,10.98317906,NonSynthetic
21.96067749,0.082879395,0.015123186,2,3,4.21912286,10.98317906,NonSynthetic
19.39453755,0.066871148,0.020652924,3,3,4.202531606,10.86365157,NonSynthetic
20.17945933,0.066871148,0.020652924,3,3,4.202531606,10.86365157,NonSynthetic
24.99193366,0.187198492,0.019101466,2,4,4.465619436,10.98317906,Mixture
24.99193366,0.187198492,0.019101466,2,4,4.465619436,10.98317906,NonSynthetic
26.87392332,0.191605982,0.019101466,2,4,4.549228323,10.98317906,Synthetic
24.86467,0.275222141,0.011894972,1,4,4.140437453,11.13895031,Mixture
24.34720702,0.247944599,0.011894972,1,4,3.622989902,11.13895031,Mixture
27.56867614,0.247944599,0.011894972,1,4,3.622989902,11.13895031,Mixture
29.38723536,0.463634026,0.024631204,3,4,4.21520362,10.86365157,Synthetic
28.43931927,0.47578451,0.024631204,3,4,4.445694984,10.86365157,Mixture
30.46567119,0.441874075,0.024631204,3,4,3.802423271,10.86365157,Mixture
20.31096163,0.090562916,0.019101466,2,4,4.202531606,10.98317906,NonSynthetic
20.14520104,0.090562916,0.019101466,2,4,4.202531606,10.98317906,NonSynthetic
25.94628194,0.426291985,0.024631204,3,4,4.111747823,10.86365157,Mixture
25.57453404,0.400283869,0.024631204,3,4,3.618380941,10.86365157,Mixture
26.38878185,0.400283869,0.024631204,3,4,3.618380941,10.86365157,Mixture
20.42168138,0.113433673,0.015123186,2,3,3.683647629,10.98317906,NonSynthetic
20.91950598,0.113433673,0.015123186,2,3,3.683647629,10.98317906,NonSynthetic
21.25158481,0.143087487,0.015123186,2,3,4.246172424,10.98317906,Synthetic
19.45038574,0.070560662,0.007916692,1,3,4.21912286,11.13895031,NonSynthetic
19.36888793,0.070560662,0.007916692,1,3,4.21912286,11.13895031,NonSynthetic
20.78424275,0.178236067,0.011894972,1,4,3.444736176,11.13895031,NonSynthetic
20.49982473,0.178236067,0.011894972,1,4,3.444736176,11.13895031,NonSynthetic
20.7946937,0.178236067,0.011894972,1,4,3.444736176,11.13895031,NonSynthetic
21.41119055,0.204244182,0.011894972,1,4,3.938103059,11.13895031,Mixture
24.27363503,-0.11090137,0.003705816,5,0,4.002963475,10.67410832,NonSynthetic
24.17460115,-0.083623828,0.003705816,5,0,4.520411027,10.67410832,Synthetic
23.50584591,-0.075051656,0.003705816,5,0,4.683022791,10.67410832,NonSynthetic
23.90188713,-0.080128152,0.003705816,5,0,4.586723043,10.67410832,Synthetic
24.28729055,0.201472226,0.033400103,5,4,3.584139263,10.67410832,NonSynthetic
25.03304374,0.217921202,0.033400103,5,4,3.896171877,10.67410832,Synthetic
29.56112265,0.243409052,0.033400103,5,4,4.379669457,10.67410832,Mixture
30.9079183,0.226145691,0.033400103,5,4,4.052188184,10.67410832,NonSynthetic
26.87974396,0.237321939,0.033400103,5,4,4.264198579,10.67410832,Synthetic
21.18897792,0.09968489,0.003197717,1,2,4.284463169,11.13895031,NonSynthetic
21.93454458,0.09968489,0.003197717,1,2,4.284463169,11.13895031,NonSynthetic
21.54085483,0.142420585,0.003197717,1,2,5.09514768,11.13895031,Synthetic
19.73105949,0.128664236,0.011894972,1,4,4.547880715,11.13895031,NonSynthetic
19.25282334,0.128664236,0.011894972,1,4,4.547880715,11.13895031,NonSynthetic
19.36818986,0.104691884,0.019101466,2,4,4.547880715,10.98317906,NonSynthetic
18.03182519,0.104691884,0.019101466,2,4,4.547880715,10.98317906,NonSynthetic
22.39892446,0.115134899,0.015123186,2,3,4.107300442,10.98317906,NonSynthetic
22.97305402,0.143625362,0.015123186,2,3,4.647756783,10.98317906,Synthetic
22.26830107,0.150028448,0.015123186,2,3,4.769221574,10.98317906,NonSynthetic
28.24722526,0.220870217,0.028136139,3,5,4.279514009,10.86365157,Synthetic
28.33455513,0.219750814,0.028136139,3,5,4.258279236,10.86365157,NonSynthetic
26.30331284,0.237343088,0.028136139,3,5,4.591999891,10.86365157,Synthetic
27.96018652,0.216105115,0.028136139,3,5,4.189121324,10.86365157,Mixture
23.78854953,0.152866862,0.024631204,3,4,4.67757804,10.86365157,NonSynthetic
24.90465677,0.17595928,0.033400103,5,4,3.695754441,10.67410832,NonSynthetic
26.01897822,0.201967396,0.033400103,5,4,4.189121324,10.67410832,Mixture
23.20480396,0.222484012,0.033400103,5,4,4.578315951,10.67410832,Synthetic
25.13682046,0.17595928,0.033400103,5,4,3.695754441,10.67410832,Synthetic
20.97708114,0.157064987,0.029421823,5,3,4.401114188,10.67410832,NonSynthetic
22.57767841,0.183073103,0.029421823,5,3,4.89448107,10.67410832,Mixture
23.65502902,0.173577649,0.029292988,4,4,3.695754441,10.76288524,NonSynthetic
24.76935047,0.199585765,0.029292988,4,4,4.189121324,10.76288524,Mixture
23.60791752,0.220823738,0.029292988,4,4,4.591999891,10.76288524,Synthetic
25.72213791,0.173577649,0.029292988,4,4,3.695754441,10.76288524,Synthetic
18.23662368,0.23349132,0.029421823,5,3,5.222245859,10.67410832,Mixture
20.91323348,0.175919902,0.029421823,5,3,4.13013171,10.67410832,Mixture
22.08640871,0.18414439,0.029421823,5,3,4.286148017,10.67410832,NonSynthetic
21.40386975,0.148591908,0.029421823,5,3,3.553766339,10.67410832,Mixture
22.57704498,0.156816396,0.029421823,5,3,3.709782646,10.67410832,NonSynthetic
18.09214639,0.130572451,0.018552959,5,1,5.222245859,10.67410832,Mixture
20.7687562,0.073001032,0.018552959,5,1,4.13013171,10.67410832,Mixture
21.94193143,0.08122552,0.018552959,5,1,4.286148017,10.67410832,NonSynthetic
21.993058,0.187515606,0.029421823,5,3,3.553766339,10.67410832,Mixture
23.16623323,0.195740094,0.029421823,5,3,3.709782646,10.67410832,NonSynthetic
18.1468536,0.256459272,0.033400103,5,4,5.643143837,10.67410832,Mixture
21.0301019,0.192223964,0.033400103,5,4,4.424617526,10.67410832,Mixture
22.51651981,0.200448453,0.033400103,5,4,4.580633833,10.67410832,NonSynthetic
19.52325999,0.295485696,0.033400103,5,4,5.643143837,10.67410832,Mixture
22.40650829,0.231250388,0.033400103,5,4,4.424617526,10.67410832,Mixture
23.8929262,0.239474877,0.033400103,5,4,4.580633833,10.67410832,NonSynthetic
20.49307787,0.277539988,0.029421823,5,3,3.1845543,10.67410832,NonSynthetic
18.20922382,0.277539988,0.029421823,5,3,3.1845543,10.67410832,NonSynthetic
19.20365232,0.308313205,0.029421823,5,3,3.768313868,10.67410832,Mixture
19.47636634,0.277539988,0.029421823,5,3,3.1845543,10.67410832,Mixture
20.96278425,0.285764476,0.029421823,5,3,3.340570607,10.67410832,NonSynthetic
19.90681945,0.299299939,0.029421823,5,3,3.597334649,10.67410832,Mixture
22.42122508,0.156060692,0.029421823,5,3,3.807741876,10.67410832,Mixture
21.31151088,0.014630511,0.007916692,1,3,4.484443997,11.13895031,NonSynthetic
21.15582514,0.04952406,0.007916692,1,3,5.146365129,11.13895031,Synthetic
19.7814003,0.085761652,0.007916692,1,3,5.281154332,11.13895031,Mixture
20.55549686,0.018876103,0.011894972,1,4,4.538438706,11.13895031,NonSynthetic
21.02419443,0.049649321,0.011894972,1,4,5.122198274,11.13895031,Synthetic
20.98153545,0.047021603,0.011894972,1,4,4.538438706,11.13895031,NonSynthetic
21.45023302,0.077794821,0.011894972,1,4,5.122198274,11.13895031,Synthetic
20.66181445,-0.048818189,0.003197717,1,2,4.538438706,11.13895031,NonSynthetic
21.13051202,-0.018044971,0.003197717,1,2,5.122198274,11.13895031,Synthetic
29.29208895,0.636806162,0.029421823,5,3,4.460616129,10.67410832,NonSynthetic
28.88073874,0.677928604,0.029421823,5,3,5.240697664,10.67410832,Synthetic
24.85174368,0.636806162,0.029421823,5,3,4.460616129,10.67410832,Synthetic
20.15131741,0.110199584,0.007916692,1,3,5.281154332,11.13895031,Mixture
21.12941006,-0.090773892,-0.002952171,1,1,4.484443997,11.13895031,NonSynthetic
20.97372432,-0.055880343,-0.002952171,1,1,5.146365129,11.13895031,Synthetic
19.91833283,0.094807862,0.007916692,1,3,5.281154332,11.13895031,Mixture
18.89609677,-0.221327286,-0.005063083,3,0,4.765943691,10.86365157,NonSynthetic
18.77010861,-0.061009836,0.015933949,3,2,4.303084784,10.86365157,NonSynthetic
19.49072781,-0.061009836,0.015933949,3,2,4.303084784,10.86365157,NonSynthetic
19.62323739,-0.037085143,0.014445845,4,1,4.337154362,10.76288524,NonSynthetic
20.49514886,-0.037085143,0.014445845,4,1,4.337154362,10.76288524,NonSynthetic
18.7411775,-0.049069078,0.018552959,5,1,4.337154362,10.67410832,NonSynthetic
19.72317541,-0.049069078,0.018552959,5,1,4.337154362,10.67410832,NonSynthetic
18.53037704,0.030378986,0.029421823,5,3,4.337154362,10.67410832,NonSynthetic
19.40228851,0.030378986,0.029421823,5,3,4.337154362,10.67410832,NonSynthetic
26.6454893,0.355595126,0.029292988,4,4,3.135949491,10.76288524,NonSynthetic
26.33224662,0.382872668,0.029292988,4,4,3.653397043,10.76288524,Mixture
26.6454893,0.378857492,0.029292988,4,4,3.577230246,10.76288524,NonSynthetic
26.23762095,0.38408559,0.029292988,4,4,3.676405833,10.76288524,Mixture
25.56901284,0.355595126,0.029292988,4,4,3.135949491,10.76288524,Mixture
27.23154961,0.283057186,0.029292988,4,4,3.080681727,10.76288524,NonSynthetic
26.91830694,0.310334728,0.029292988,4,4,3.598129279,10.76288524,Mixture
27.23154961,0.306319552,0.029292988,4,4,3.521962482,10.76288524,NonSynthetic
26.82368126,0.31154765,0.029292988,4,4,3.621138068,10.76288524,Mixture
25.35640873,0.283057186,0.029292988,4,4,3.080681727,10.76288524,Mixture
23.58297993,0.316215588,0.019101466,2,4,3.080681727,10.98317906,NonSynthetic
23.47885758,0.342223703,0.019101466,2,4,3.574048609,10.98317906,Mixture
23.69306638,0.339477954,0.019101466,2,4,3.521962482,10.98317906,NonSynthetic
25.01547322,0.345869402,0.019101466,2,4,3.643206522,10.98317906,Mixture
25.75723795,0.316215588,0.019101466,2,4,3.080681727,10.98317906,Mixture
24.6958053,0.260454786,0.029292988,4,4,3.080681727,10.76288524,NonSynthetic
24.38256262,0.287732328,0.029292988,4,4,3.598129279,10.76288524,Mixture
24.6958053,0.283717152,0.029292988,4,4,3.521962482,10.76288524,NonSynthetic
24.28793694,0.28894525,0.029292988,4,4,3.621138068,10.76288524,Mixture
26.18341614,0.260454786,0.029292988,4,4,3.080681727,10.76288524,Mixture
19.44846214,0.034339913,0.020652924,3,3,4.337154362,10.86365157,NonSynthetic
20.32037361,0.034339913,0.020652924,3,3,4.337154362,10.86365157,NonSynthetic
21.67774838,0.199951515,0.028136139,3,5,4.028889223,10.86365157,Mixture
19.93891634,0.168098209,0.028136139,3,5,3.424640664,10.86365157,Mixture
19.13522967,0.1687667,0.024631204,3,4,4.028889223,10.86365157,Mixture
19.92265959,0.136913394,0.024631204,3,4,3.424640664,10.86365157,Mixture
19.30874454,0.147499227,0.024631204,3,4,4.028889223,10.86365157,Mixture
19.60073373,0.115645921,0.024631204,3,4,3.424640664,10.86365157,Mixture
20.19514412,0.182097337,0.024631204,3,4,4.028889223,10.86365157,Mixture
20.12444552,0.150244031,0.024631204,3,4,3.424640664,10.86365157,Mixture
19.08764846,0.116450135,0.020652924,3,3,4.575246221,10.86365157,Mixture
19.05875823,0.148718892,0.024631204,3,4,4.575246221,10.86365157,Mixture
21.08913004,0.067781077,0.029421823,5,3,4.712570739,10.67410832,Synthetic
17.35234278,0.079923732,0.029292988,4,4,4.60238487,10.76288524,NonSynthetic
17.21205475,0.052306198,0.010404211,2,2,4.183560658,10.98317906,NonSynthetic
17.6235703,0.100962927,0.010404211,2,2,5.106565578,10.98317906,Mixture
17.86965226,-0.013452684,0.018552959,5,1,4.60238487,10.67410832,NonSynthetic
18.5191328,-0.107968954,0.003705816,5,0,4.565962862,10.67410832,NonSynthetic
18.29147031,0.084159392,0.025314708,4,3,4.49413543,10.76288524,NonSynthetic
18.48027843,0.166758326,0.029421823,5,3,4.14713865,10.67410832,NonSynthetic
18.68852314,0.216105257,0.029421823,5,3,5.083236493,10.67410832,Mixture
17.9795684,-0.033377325,0.009784061,3,1,4.49413543,10.86365157,NonSynthetic
18.18566796,-0.009235268,0.018552959,5,1,4.565962862,10.67410832,NonSynthetic
19.85524051,0.143909186,0.020652924,3,3,4.476383581,10.86365157,NonSynthetic
18.14767671,-0.011745094,0.009784061,3,1,4.547880715,10.86365157,NonSynthetic
18.59561483,0.104252171,0.029421823,5,3,4.511968153,10.67410832,NonSynthetic
18.65993103,0.1355128,0.019101466,2,4,4.49413543,10.98317906,NonSynthetic
18.93808279,0.130384879,0.015123186,2,3,4.511968153,10.98317906,NonSynthetic
18.84869679,0.031105519,-0.002952171,1,1,4.511968153,11.13895031,NonSynthetic
17.32443583,0.083611485,0.020652924,3,3,4.093143942,10.86365157,NonSynthetic
17.48377472,0.132268214,0.020652924,3,3,5.016148862,10.86365157,Mixture
21.77872918,-0.015656527,0.010404211,2,2,4.469642851,10.98317906,NonSynthetic
19.74175174,0.125967226,0.015123186,2,3,3.932030008,10.98317906,NonSynthetic
18.59811232,0.125967226,0.015123186,2,3,3.932030008,10.98317906,NonSynthetic
19.38477493,0.125967226,0.015123186,2,3,3.932030008,10.98317906,NonSynthetic
22.8929894,0.34815658,0.011894972,1,4,4.090180498,11.13895031,Mixture
25.07071303,0.303866355,0.011894972,1,4,3.250006972,11.13895031,Mixture
24.97167915,0.303866355,0.011894972,1,4,3.250006972,11.13895031,Mixture
25.28492183,0.327128721,0.011894972,1,4,3.691287726,11.13895031,NonSynthetic
19.3444552,0.018593372,0.004254323,2,1,3.948556069,10.98317906,NonSynthetic
19.01237637,0.018593372,0.004254323,2,1,3.948556069,10.98317906,NonSynthetic
19.55757305,0.018593372,0.004254323,2,1,3.948556069,10.98317906,NonSynthetic
26.32233361,0.361084076,0.020652924,3,3,3.06215347,10.86365157,NonSynthetic
26.05998248,0.392937382,0.020652924,3,3,3.666402029,10.86365157,Mixture
25.25440248,0.384346442,0.020652924,3,3,3.503434225,10.86365157,NonSynthetic
26.16180552,0.361084076,0.020652924,3,3,3.06215347,10.86365157,NonSynthetic
24.66844578,0.391857293,0.020652924,3,3,3.645913038,10.86365157,Synthetic
25.78594687,0.377533053,0.020652924,3,3,3.374186084,10.86365157,NonSynthetic
21.7219955,0.21253279,0.029421823,5,3,3.364883183,10.67410832,NonSynthetic
21.37814657,0.245430744,0.029421823,5,3,3.988948411,10.67410832,Mixture
21.05858343,0.21253279,0.029421823,5,3,3.364883183,10.67410832,Mixture
20.22787778,0.246443224,0.029421823,5,3,4.008154896,10.67410832,NonSynthetic
25.64133876,0.299805124,0.011894972,1,4,2.996031434,11.13895031,NonSynthetic
25.55707597,0.331658431,0.011894972,1,4,3.600279993,11.13895031,Mixture
25.18248263,0.299805124,0.011894972,1,4,2.996031434,11.13895031,Mixture
25.48026454,0.299805124,0.011894972,1,4,2.996031434,11.13895031,Mixture
25.97042689,0.31819564,0.011894972,1,4,3.344894503,11.13895031,NonSynthetic
25.65763782,0.298728128,0.011894972,1,4,4.509004709,11.13895031,Mixture
25.38050397,0.254437903,0.011894972,1,4,3.668831183,11.13895031,Mixture
25.20241563,0.28521112,0.011894972,1,4,4.252590751,11.13895031,NonSynthetic
18.74535446,0.218178083,0.024631204,3,4,4.625859346,10.86365157,Mixture
19.82711284,0.204311996,0.024631204,3,4,4.362823443,10.86365157,NonSynthetic
19.91787131,0.174658181,0.024631204,3,4,3.800298648,10.86365157,NonSynthetic
26.03905098,0.352154827,0.024631204,3,4,4.042186459,10.86365157,Mixture
24.4551131,0.308634925,0.024631204,3,4,3.216625762,10.86365157,Mixture
23.81348226,0.308634925,0.024631204,3,4,3.216625762,10.86365157,Mixture
25.2686684,0.322880157,0.024631204,3,4,3.486853932,10.86365157,NonSynthetic
20.91849074,0.147277037,0.020652924,3,3,4.479307945,10.86365157,NonSynthetic
21.16323969,0.113366603,0.020652924,3,3,3.836036232,10.86365157,NonSynthetic
21.1191213,0.113366603,0.020652924,3,3,3.836036232,10.86365157,NonSynthetic
21.33723409,0.113366603,0.020652924,3,3,3.836036232,10.86365157,NonSynthetic
18.87184021,0.190858669,0.029421823,5,3,3.27575632,10.67410832,NonSynthetic
18.52799128,0.223756623,0.029421823,5,3,3.899821548,10.67410832,Mixture
19.98317742,0.205103901,0.029421823,5,3,3.545984491,10.67410832,NonSynthetic
19.16962212,0.190858669,0.029421823,5,3,3.27575632,10.67410832,NonSynthetic
18.87184021,0.190858669,0.029421823,5,3,3.27575632,10.67410832,NonSynthetic
22.19440992,0.308835184,0.024631204,3,4,2.962650224,10.86365157,NonSynthetic
21.86233109,0.342745618,0.024631204,3,4,3.605921938,10.86365157,Mixture
21.75837417,0.308835184,0.024631204,3,4,2.962650224,10.86365157,Mixture
21.32792106,0.308835184,0.024631204,3,4,2.962650224,10.86365157,Mixture
21.64116374,0.33209755,0.024631204,3,4,3.403930979,10.86365157,NonSynthetic
21.1991843,0.074262385,0.009784061,3,1,3.869160921,10.86365157,Mixture
22.42432012,0.038412671,0.009784061,3,1,3.189101605,10.86365157,Mixture
20.72430012,0.038412671,0.009784061,3,1,3.189101605,10.86365157,Mixture
22.71272661,0.054861648,0.009784061,3,1,3.501134219,10.86365157,Synthetic
21.30878515,0.174877204,0.020652924,3,3,3.869160921,10.86365157,Mixture
22.53392098,0.13902749,0.020652924,3,3,3.189101605,10.86365157,Mixture
20.83390097,0.13902749,0.020652924,3,3,3.189101605,10.86365157,Mixture
22.82232746,0.155476467,0.020652924,3,3,3.501134219,10.86365157,Synthetic
21.30345426,0.208702368,0.024631204,3,4,3.869160921,10.86365157,Mixture
22.52859009,0.172852654,0.024631204,3,4,3.189101605,10.86365157,Mixture
20.82857008,0.172852654,0.024631204,3,4,3.189101605,10.86365157,Mixture
22.81699657,0.189301631,0.024631204,3,4,3.501134219,10.86365157,Synthetic
21.93788084,0.250614658,0.024631204,3,4,3.869160921,10.86365157,Mixture
23.16301667,0.214764945,0.024631204,3,4,3.189101605,10.86365157,Mixture
21.46299666,0.214764945,0.024631204,3,4,3.189101605,10.86365157,Mixture
23.45142315,0.231213921,0.024631204,3,4,3.501134219,10.86365157,Synthetic
21.43258781,0.142515372,0.015933949,3,2,3.869160921,10.86365157,Mixture
22.65772364,0.106665659,0.015933949,3,2,3.189101605,10.86365157,Mixture
20.95770363,0.106665659,0.015933949,3,2,3.189101605,10.86365157,Mixture
22.94613012,0.123114635,0.015933949,3,2,3.501134219,10.86365157,Synthetic
21.58850431,-0.027569434,-0.010592821,2,0,3.869160921,10.98317906,Mixture
22.81364014,-0.063419147,-0.010592821,2,0,3.189101605,10.98317906,Mixture
21.11362013,-0.063419147,-0.010592821,2,0,3.189101605,10.98317906,Mixture
23.10204662,-0.046970171,-0.010592821,2,0,3.501134219,10.98317906,Synthetic
21.91387596,0.121477248,0.009784061,3,1,3.869160921,10.86365157,Mixture
23.13901178,0.085627535,0.009784061,3,1,3.189101605,10.86365157,Mixture
21.43899178,0.085627535,0.009784061,3,1,3.189101605,10.86365157,Mixture
23.42741827,0.102076511,0.009784061,3,1,3.501134219,10.86365157,Synthetic
22.38682399,0.152721739,0.004254323,2,1,3.869160921,10.98317906,Mixture
23.61195982,0.116872025,0.004254323,2,1,3.189101605,10.98317906,Mixture
21.91193981,0.116872025,0.004254323,2,1,3.189101605,10.98317906,Mixture
23.9003663,0.133321002,0.004254323,2,1,3.501134219,10.98317906,Synthetic
21.65905065,0.232194226,0.024631204,3,4,3.869160921,10.86365157,Mixture
22.88418647,0.196344512,0.024631204,3,4,3.189101605,10.86365157,Mixture
21.18416646,0.196344512,0.024631204,3,4,3.189101605,10.86365157,Mixture
23.17259295,0.212793489,0.024631204,3,4,3.501134219,10.86365157,Synthetic
21.61179801,0.229072562,0.029292988,4,4,3.869160921,10.76288524,Mixture
22.83693384,0.193222849,0.029292988,4,4,3.189101605,10.76288524,Mixture
21.13691383,0.193222849,0.029292988,4,4,3.189101605,10.76288524,Mixture
23.12534032,0.209671825,0.029292988,4,4,3.501134219,10.76288524,Synthetic
22.39769432,0.217672971,0.004254323,2,1,3.90106978,10.98317906,Mixture
23.62283014,0.181823257,0.004254323,2,1,3.221010464,10.98317906,Mixture
21.92281013,0.181823257,0.004254323,2,1,3.221010464,10.98317906,Mixture
23.91123662,0.198272234,0.004254323,2,1,3.533043078,10.98317906,Synthetic
21.55575484,0.214885291,0.015933949,3,2,3.90106978,10.86365157,Mixture
22.78089066,0.179035577,0.015933949,3,2,3.221010464,10.86365157,Mixture
21.08087066,0.179035577,0.015933949,3,2,3.221010464,10.86365157,Mixture
23.06929715,0.195484554,0.015933949,3,2,3.533043078,10.86365157,Synthetic
21.71261666,0.235732971,0.024631204,3,4,3.869160921,10.86365157,Mixture
23.43319322,0.199883257,0.024631204,3,4,3.189101605,10.86365157,Mixture
21.73317321,0.199883257,0.024631204,3,4,3.189101605,10.86365157,Mixture
23.7215997,0.216332234,0.024631204,3,4,3.501134219,10.86365157,Synthetic
22.01023709,0.221217408,0.025314708,4,3,3.869160921,10.76288524,Mixture
23.23537291,0.185367694,0.025314708,4,3,3.189101605,10.76288524,Mixture
21.5353529,0.185367694,0.025314708,4,3,3.189101605,10.76288524,Mixture
23.52377939,0.201816671,0.025314708,4,3,3.501134219,10.76288524,Synthetic
22.65304024,0.263683082,0.020652924,3,3,3.869160921,10.86365157,Mixture
23.87817607,0.227833369,0.020652924,3,3,3.189101605,10.86365157,Mixture
22.17815606,0.227833369,0.020652924,3,3,3.189101605,10.86365157,Mixture
24.16658255,0.244282345,0.020652924,3,3,3.501134219,10.86365157,Synthetic
22.27779911,0.145519199,0.004254323,2,1,3.869160921,10.98317906,Mixture
23.50293494,0.109669486,0.004254323,2,1,3.189101605,10.98317906,Mixture
21.80291493,0.109669486,0.004254323,2,1,3.189101605,10.98317906,Mixture
23.79134142,0.126118463,0.004254323,2,1,3.501134219,10.98317906,Synthetic
22.35649916,0.150718382,0.018552959,5,1,3.869160921,10.67410832,Mixture
23.58163499,0.114868668,0.018552959,5,1,3.189101605,10.67410832,Mixture
21.88161498,0.114868668,0.018552959,5,1,3.189101605,10.67410832,Mixture
23.87004147,0.131317645,0.018552959,5,1,3.501134219,10.67410832,Synthetic
22.2712058,0.145083624,0.018552959,5,1,3.869160921,10.67410832,Mixture
23.49634163,0.10923391,0.018552959,5,1,3.189101605,10.67410832,Mixture
21.79632162,0.10923391,0.018552959,5,1,3.189101605,10.67410832,Mixture
23.78474811,0.125682887,0.018552959,5,1,3.501134219,10.67410832,Synthetic
21.66837789,0.232810414,0.033400103,5,4,3.869160921,10.67410832,Mixture
22.89351371,0.1969607,0.033400103,5,4,3.189101605,10.67410832,Mixture
21.19349371,0.1969607,0.033400103,5,4,3.189101605,10.67410832,Mixture
23.1819202,0.213409677,0.033400103,5,4,3.501134219,10.67410832,Synthetic
21.84025483,0.209987826,0.020652924,3,3,3.869160921,10.86365157,Mixture
23.06539066,0.174138112,0.020652924,3,3,3.189101605,10.86365157,Mixture
21.36537065,0.174138112,0.020652924,3,3,3.189101605,10.86365157,Mixture
23.35379714,0.190587089,0.020652924,3,3,3.501134219,10.86365157,Synthetic
22.02793892,0.222386849,0.020652924,3,3,3.869160921,10.86365157,Mixture
23.25307475,0.186537136,0.020652924,3,3,3.189101605,10.86365157,Mixture
21.55305474,0.186537136,0.020652924,3,3,3.189101605,10.86365157,Mixture
23.54148123,0.202986112,0.020652924,3,3,3.501134219,10.86365157,Synthetic
31.56265042,-0.061490805,0.018552959,5,1,3.28430264,10.67410832,Synthetic
31.26486852,-0.061490805,0.018552959,5,1,3.28430264,10.67410832,Synthetic
31.67273687,-0.061490805,0.018552959,5,1,3.28430264,10.67410832,Synthetic
31.26486852,-0.061490805,0.018552959,5,1,3.28430264,10.67410832,Synthetic
22.74951599,-0.029196762,-0.005063083,3,0,2.864521843,10.86365157,NonSynthetic
23.30589657,-0.029196762,-0.005063083,3,0,2.864521843,10.86365157,NonSynthetic
22.95267222,-0.004523297,-0.005063083,3,0,3.332570764,10.86365157,Synthetic
22.84854987,-0.003188646,-0.005063083,3,0,3.357888726,10.86365157,NonSynthetic
22.23205301,-0.029196762,-0.005063083,3,0,2.864521843,10.86365157,NonSynthetic
23.1799691,-0.007436811,-0.005063083,3,0,3.277302192,10.86365157,Mixture
24.23593389,-0.020972273,-0.005063083,3,0,3.02053815,10.86365157,Synthetic
22.74888926,0.316704298,0.024631204,3,4,2.909647784,10.86365157,NonSynthetic
23.30526985,0.316704298,0.024631204,3,4,2.909647784,10.86365157,NonSynthetic
22.95204549,0.341377763,0.024631204,3,4,3.377696705,10.86365157,Synthetic
24.89067761,0.342712413,0.024631204,3,4,3.403014666,10.86365157,NonSynthetic
24.27418075,0.316704298,0.024631204,3,4,2.909647784,10.86365157,NonSynthetic
25.22209684,0.338464248,0.024631204,3,4,3.322428133,10.86365157,Mixture
26.27806164,0.324928786,0.024631204,3,4,3.065664091,10.86365157,Synthetic
30.07862517,0.181621118,0.024702848,5,2,4.209426899,10.67410832,Mixture
31.71504118,0.160645374,0.024702848,5,2,3.811522736,10.67410832,NonSynthetic
31.84096865,0.159031223,0.024702848,5,2,3.780902731,10.67410832,Synthetic
28.47458021,0.138885423,0.024702848,5,2,3.398742387,10.67410832,Synthetic
28.05174291,0.138885423,0.024702848,5,2,3.398742387,10.67410832,Synthetic
28.47458021,0.138885423,0.024702848,5,2,3.398742387,10.67410832,Synthetic
26.46033527,0.11894642,0.003197717,1,2,3.377908963,11.13895031,NonSynthetic
25.71857054,0.11894642,0.003197717,1,2,3.377908963,11.13895031,NonSynthetic
26.21719736,0.11894642,0.003197717,1,2,3.377908963,11.13895031,NonSynthetic
24.76031526,0.160883247,0.003197717,1,2,4.173439157,11.13895031,Synthetic
26.33440779,0.11894642,0.003197717,1,2,3.377908963,11.13895031,Synthetic
25.90395468,0.11894642,0.003197717,1,2,3.377908963,11.13895031,Synthetic
27.62626552,0.126796249,0.011894972,1,4,3.678772085,11.13895031,NonSynthetic
25.43322915,0.170316151,0.011894972,1,4,4.504332783,11.13895031,Synthetic
26.60574599,0.126796249,0.011894972,1,4,3.678772085,11.13895031,Synthetic
26.70037167,0.126796249,0.011894972,1,4,3.678772085,11.13895031,Synthetic
26.77825549,0.103504371,0.011894972,1,4,3.678772085,11.13895031,NonSynthetic
25.08065986,0.147024273,0.011894972,1,4,4.504332783,11.13895031,Synthetic
26.2531767,0.103504371,0.011894972,1,4,3.678772085,11.13895031,Synthetic
26.34780238,0.103504371,0.011894972,1,4,3.678772085,11.13895031,Synthetic
26.08968004,0.118266936,0.015123186,2,3,3.527012382,10.98317906,NonSynthetic
26.38746195,0.118266936,0.015123186,2,3,3.527012382,10.98317906,NonSynthetic
26.61475883,0.140026887,0.015123186,2,3,3.939792731,10.98317906,Synthetic
24.9171632,0.118266936,0.015123186,2,3,3.527012382,10.98317906,Synthetic
26.61475883,0.118266936,0.015123186,2,3,3.527012382,10.98317906,Synthetic
22.43329209,0.188059644,0.015399907,1,5,3.151457582,11.13895031,NonSynthetic
22.01045479,0.188059644,0.015399907,1,5,3.151457582,11.13895031,NonSynthetic
22.68300272,0.188059644,0.015399907,1,5,3.151457582,11.13895031,NonSynthetic
23.62241547,0.188059644,0.015399907,1,5,3.151457582,11.13895031,NonSynthetic
22.18346805,0.222953193,0.015399907,1,5,3.813378714,11.13895031,Synthetic
23.20808152,0.188059644,0.015399907,1,5,3.151457582,11.13895031,Synthetic
24.30317518,0.185925374,0.024631204,3,4,3.537321592,10.86365157,NonSynthetic
25.2144822,0.185925374,0.024631204,3,4,3.537321592,10.86365157,NonSynthetic
24.60046829,0.185925374,0.024631204,3,4,3.537321592,10.86365157,NonSynthetic
24.12459804,0.216698591,0.024631204,3,4,4.12108116,10.86365157,Synthetic
24.30268638,0.185925374,0.024631204,3,4,3.537321592,10.86365157,Synthetic
25.592015,0.191715424,0.019101466,2,4,3.372472918,10.98317906,NonSynthetic
25.91540796,0.205960656,0.019101466,2,4,3.642701088,10.98317906,Synthetic
24.71331229,0.221369238,0.019101466,2,4,3.934997713,10.98317906,NonSynthetic
25.07866685,0.222488642,0.019101466,2,4,3.956232485,10.98317906,Synthetic
24.75722052,0.226608973,0.019101466,2,4,4.03439405,10.98317906,Mixture
27.83723305,0.116200959,0.015123186,2,3,3.509797436,10.98317906,NonSynthetic
26.70543987,0.116200959,0.015123186,2,3,3.509797436,10.98317906,NonSynthetic
25.79605621,0.148054266,0.015123186,2,3,4.114045995,10.98317906,Synthetic
25.41162142,0.116200959,0.015123186,2,3,3.509797436,10.98317906,Synthetic
26.7094136,0.116200959,0.015123186,2,3,3.509797436,10.98317906,Synthetic
25.2306862,0.191805203,0.019101466,2,4,3.372472918,10.98317906,NonSynthetic
25.55407916,0.206050435,0.019101466,2,4,3.642701088,10.98317906,Synthetic
24.35198349,0.221459018,0.019101466,2,4,3.934997713,10.98317906,NonSynthetic
25.25553507,0.222578421,0.019101466,2,4,3.956232485,10.98317906,Synthetic
24.93408874,0.226698752,0.019101466,2,4,4.03439405,10.98317906,Mixture
18.53074327,0.067067843,0.020652924,3,3,5.024769565,10.86365157,NonSynthetic
18.33247304,0.053969465,0.007916692,1,3,5.024769565,11.13895031,NonSynthetic
18.44109107,-0.032229103,-0.002952171,1,1,5.024769565,11.13895031,NonSynthetic
18.98015307,0.096757322,0.020652924,3,3,5.024769565,10.86365157,NonSynthetic
18.30469201,0.199048158,0.019101466,2,4,4.187121141,10.98317906,NonSynthetic
18.93117737,0.24557289,0.019101466,2,4,5.069682651,10.98317906,Mixture
20.74598344,0.199048158,0.019101466,2,4,4.187121141,10.98317906,Mixture
19.16553647,0.255918352,0.019101466,2,4,4.187121141,10.98317906,NonSynthetic
19.79202182,0.302443084,0.019101466,2,4,5.069682651,10.98317906,Mixture
21.60682789,0.255918352,0.019101466,2,4,4.187121141,10.98317906,Mixture
19.16553647,0.109004354,0.020652924,3,3,5.024769565,10.86365157,NonSynthetic
18.77667851,0.083315128,0.015123186,2,3,5.024769565,10.98317906,NonSynthetic
18.68140844,-0.016352953,-0.002952171,1,1,5.024769565,11.13895031,NonSynthetic
18.59629966,0.03687376,0.007916692,1,3,3.770194224,11.13895031,NonSynthetic
18.82359655,0.03687376,0.007916692,1,3,3.770194224,11.13895031,NonSynthetic
18.49217731,0.03687376,0.007916692,1,3,3.770194224,11.13895031,NonSynthetic
19.30197866,0.063924438,0.011894972,1,4,3.738538736,11.13895031,NonSynthetic
18.5985098,0.063924438,0.011894972,1,4,3.738538736,11.13895031,NonSynthetic
18.384301,0.063924438,0.011894972,1,4,3.738538736,11.13895031,NonSynthetic
18.76598597,0.071615762,0.011894972,1,4,3.589489338,11.13895031,NonSynthetic
19.50456461,0.071615762,0.011894972,1,4,3.589489338,11.13895031,NonSynthetic
19.0472179,0.097623878,0.011894972,1,4,4.082856221,11.13895031,Mixture
18.95330755,0.020390282,0.007916692,1,3,4.040083528,11.13895031,NonSynthetic
19.47838634,0.020390282,0.007916692,1,3,4.040083528,11.13895031,NonSynthetic
18.3819631,0.041875353,0.011894972,1,4,3.786107991,11.13895031,NonSynthetic
18.26475266,0.041875353,0.011894972,1,4,3.786107991,11.13895031,NonSynthetic
18.05054387,0.041875353,0.011894972,1,4,3.786107991,11.13895031,NonSynthetic
18.95288531,0.071273157,0.011894972,1,4,3.786107991,11.13895031,NonSynthetic
18.7097474,0.071273157,0.011894972,1,4,3.786107991,11.13895031,NonSynthetic
18.39650472,0.071273157,0.011894972,1,4,3.786107991,11.13895031,NonSynthetic
18.48659372,-0.025930386,0.003197717,1,2,3.786107991,11.13895031,NonSynthetic
18.36938328,-0.025930386,0.003197717,1,2,3.786107991,11.13895031,NonSynthetic
18.15517448,-0.025930386,0.003197717,1,2,3.786107991,11.13895031,NonSynthetic
18.77665745,-0.010952244,0.007916692,1,3,3.992514273,11.13895031,NonSynthetic
19.49939506,-0.010952244,0.007916692,1,3,3.992514273,11.13895031,NonSynthetic
19.66424698,0.130957816,0.011894972,1,4,3.589489338,11.13895031,NonSynthetic
19.90738489,0.130957816,0.011894972,1,4,3.589489338,11.13895031,NonSynthetic
19.45003818,0.156965932,0.011894972,1,4,4.082856221,11.13895031,Mixture
19.28507244,0.042307754,0.007916692,1,3,4.040083528,11.13895031,NonSynthetic
19.81015123,0.042307754,0.007916692,1,3,4.040083528,11.13895031,NonSynthetic
18.74011947,-0.070334418,-0.002952171,1,1,3.770194224,11.13895031,NonSynthetic
18.61419199,-0.070334418,-0.002952171,1,1,3.770194224,11.13895031,NonSynthetic
17.99835474,-0.070334418,-0.002952171,1,1,3.770194224,11.13895031,NonSynthetic
18.95526352,0.03725293,0.007916692,1,3,3.770194224,11.13895031,NonSynthetic
18.82933605,0.03725293,0.007916692,1,3,3.770194224,11.13895031,NonSynthetic
18.21349879,0.03725293,0.007916692,1,3,3.770194224,11.13895031,NonSynthetic
18.19716721,-0.196998867,-0.017799315,1,0,3.834200991,11.13895031,NonSynthetic
18.01178307,-0.196998867,-0.017799315,1,0,3.834200991,11.13895031,NonSynthetic
18.62762032,-0.196998867,-0.017799315,1,0,3.834200991,11.13895031,NonSynthetic
17.82094526,0.00835767,0.024702848,5,2,3.681496768,10.67410832,NonSynthetic
17.82094526,0.00835767,0.024702848,5,2,3.681496768,10.67410832,NonSynthetic
18.52906903,0.00835767,0.024702848,5,2,3.681496768,10.67410832,NonSynthetic
18.76625258,0.040210976,0.024702848,5,2,4.285745327,10.67410832,Mixture
18.25382209,0.043862364,-0.002952171,1,1,3.427521231,11.13895031,NonSynthetic
18.25382209,0.043862364,-0.002952171,1,1,3.427521231,11.13895031,NonSynthetic
18.29325214,0.043862364,-0.002952171,1,1,3.427521231,11.13895031,NonSynthetic
18.13276597,0.077772798,-0.002952171,1,1,4.070792944,11.13895031,Mixture
18.00414471,0.027367861,-0.002952171,1,1,3.427521231,11.13895031,NonSynthetic
17.90511083,0.027367861,-0.002952171,1,1,3.427521231,11.13895031,NonSynthetic
17.63239681,0.027367861,-0.002952171,1,1,3.427521231,11.13895031,NonSynthetic
17.38764785,0.061278295,-0.002952171,1,1,4.070792944,11.13895031,Mixture
18.10826706,0.052041326,-0.002952171,1,1,3.895570152,11.13895031,NonSynthetic
18.55688194,0.097516688,0.020652924,3,3,3.681496768,10.86365157,NonSynthetic
18.55688194,0.097516688,0.020652924,3,3,3.681496768,10.86365157,NonSynthetic
18.10087126,0.097516688,0.020652924,3,3,3.681496768,10.86365157,NonSynthetic
17.94038509,0.131427122,0.020652924,3,3,4.324768481,10.86365157,Mixture
18.82167679,0.1150099,0.029421823,5,3,3.681496768,10.67410832,NonSynthetic
18.82167679,0.1150099,0.029421823,5,3,3.681496768,10.67410832,NonSynthetic
18.36566611,0.1150099,0.029421823,5,3,3.681496768,10.67410832,NonSynthetic
18.12848256,0.149903449,0.029421823,5,3,4.3434179,10.67410832,Mixture
20.85492983,0.474179103,0.033400103,5,4,3.472558719,10.67410832,NonSynthetic
25.02670581,0.500187219,0.033400103,5,4,3.965925601,10.67410832,Mixture
24.65495791,0.50495232,0.033400103,5,4,4.056318287,10.67410832,NonSynthetic
26.95578772,0.506032409,0.033400103,5,4,4.076807278,10.67410832,Mixture
26.95578772,0.474179103,0.033400103,5,4,3.472558719,10.67410832,Mixture
19.46115875,0.088440815,-0.002952171,1,1,3.630285035,11.13895031,NonSynthetic
19.83290665,0.088440815,-0.002952171,1,1,3.630285035,11.13895031,NonSynthetic
19.63924709,0.088440815,-0.002952171,1,1,3.630285035,11.13895031,NonSynthetic
19.37689596,0.120294122,-0.002952171,1,1,4.234533594,11.13895031,Mixture
19.66775621,0.090324221,-0.002952171,1,1,3.59649588,11.13895031,NonSynthetic
19.86141577,0.090324221,-0.002952171,1,1,3.59649588,11.13895031,NonSynthetic
19.66775621,0.090324221,-0.002952171,1,1,3.59649588,11.13895031,NonSynthetic
19.40540508,0.122177527,-0.002952171,1,1,4.200744439,11.13895031,Mixture
19.86122315,0.248964059,0.011894972,1,4,3.012822993,11.13895031,NonSynthetic
19.74401271,0.248964059,0.011894972,1,4,3.012822993,11.13895031,NonSynthetic
20.23792768,0.283857608,0.011894972,1,4,3.674744126,11.13895031,Mixture
20.47511123,0.248964059,0.011894972,1,4,3.012822993,11.13895031,Mixture
20.6467039,0.248964059,0.011894972,1,4,3.012822993,11.13895031,Mixture
20.59581031,0.300543542,0.011894972,1,4,2.758847456,11.13895031,NonSynthetic
20.47859987,0.323805908,0.011894972,1,4,3.200128211,11.13895031,NonSynthetic
21.6517751,0.300543542,0.011894972,1,4,2.758847456,11.13895031,NonSynthetic
22.81474523,0.334453976,0.011894972,1,4,3.402119169,11.13895031,Mixture
22.9752314,0.332396848,0.011894972,1,4,3.363096015,11.13895031,Mixture
23.14682406,0.300543542,0.011894972,1,4,2.758847456,11.13895031,Mixture
22.22171293,0.312330077,0.011894972,1,4,3.012822993,11.13895031,NonSynthetic
21.99441605,0.312330077,0.011894972,1,4,3.012822993,11.13895031,NonSynthetic
24.85159657,0.346240512,0.011894972,1,4,3.656094707,11.13895031,Mixture
24.93058493,0.312330077,0.011894972,1,4,3.012822993,11.13895031,Mixture
25.09634552,0.312330077,0.011894972,1,4,3.012822993,11.13895031,Mixture
19.81137791,0.216313387,0.011894972,1,4,3.177671668,11.13895031,NonSynthetic
19.69416748,0.239575753,0.011894972,1,4,3.618952423,11.13895031,NonSynthetic
20.86734271,0.216313387,0.011894972,1,4,3.177671668,11.13895031,NonSynthetic
19.0686801,0.250223822,0.011894972,1,4,3.820943381,11.13895031,Mixture
19.22916626,0.248166694,0.011894972,1,4,3.781920227,11.13895031,Mixture
19.42043871,0.1161158,0.007916692,1,3,3.427521231,11.13895031,NonSynthetic
19.42043871,0.1161158,0.007916692,1,3,3.427521231,11.13895031,NonSynthetic
18.58594499,0.1161158,0.007916692,1,3,3.427521231,11.13895031,NonSynthetic
18.42545882,0.150026234,0.007916692,1,3,4.070792944,11.13895031,Mixture
18.99313303,0.145175929,0.015399907,1,5,4.646774008,11.13895031,Mixture
18.976219,0.113947692,0.011894972,1,4,4.646774008,11.13895031,Mixture
18.64353609,0.091969573,0.011894972,1,4,4.646774008,11.13895031,Mixture
19.23331374,0.13093221,0.011894972,1,4,4.646774008,11.13895031,Mixture
19.54154101,0.117117369,0.007916692,1,3,4.646774008,11.13895031,Mixture
22.54567131,0.012350081,-0.002952171,1,1,4.102238411,11.13895031,Synthetic
22.37407865,0.014549573,-0.002952171,1,1,4.143962176,11.13895031,Mixture
22.44438181,0.076841806,0.011894972,1,4,4.521062623,11.13895031,Synthetic
19.61644342,0.122065667,0.007916692,1,3,4.646774008,11.13895031,Mixture
18.74971245,0.005550388,0.010404211,2,2,3.733820398,10.98317906,NonSynthetic
20.14488891,0.036323605,0.010404211,2,2,4.317579966,10.98317906,Synthetic
20.84805605,0.027310339,0.010404211,2,2,4.146600747,10.98317906,NonSynthetic
19.54487697,-0.085067124,-0.005063083,3,0,3.479844861,10.86365157,NonSynthetic
21.42849662,-0.085067124,-0.005063083,3,0,3.479844861,10.86365157,NonSynthetic
20.59940201,-0.054293907,-0.005063083,3,0,4.063604428,10.86365157,Synthetic
21.30256915,-0.063307174,-0.005063083,3,0,3.89262521,10.86365157,NonSynthetic
18.6136098,0.054414196,0.029421823,5,3,3.733820398,10.67410832,NonSynthetic
20.64262467,0.080422311,0.029421823,5,3,4.22718728,10.67410832,Synthetic
20.54359079,0.081691738,0.029421823,5,3,4.25126795,10.67410832,NonSynthetic
17.06205185,0.066189181,0.015123186,2,3,4.049109247,10.98317906,NonSynthetic
18.02461799,0.066189181,0.015123186,2,3,4.049109247,10.98317906,NonSynthetic
19.77041071,0.091017141,0.029421823,5,3,3.650530314,10.67410832,NonSynthetic
20.82493576,0.121790359,0.029421823,5,3,4.234289882,10.67410832,Synthetic
21.09764978,0.118294683,0.029421823,5,3,4.167977866,10.67410832,NonSynthetic
18.82049293,0.057832402,0.015123186,2,3,3.767609554,10.98317906,NonSynthetic
20.32261818,0.08860562,0.015123186,2,3,4.351369121,10.98317906,Synthetic
20.69436608,0.083840518,0.015123186,2,3,4.260976436,10.98317906,NonSynthetic
19.5121195,0.010149282,-0.002952171,1,1,3.801679132,11.13895031,NonSynthetic
20.92998198,0.042002589,-0.002952171,1,1,4.40592769,11.13895031,Synthetic
21.38599266,0.036157398,-0.002952171,1,1,4.295046014,11.13895031,NonSynthetic
21.07737822,0.16934778,0.020652924,3,3,3.634068683,10.86365157,NonSynthetic
21.9263643,0.201201086,0.020652924,3,3,4.238317242,10.86365157,Synthetic
22.38237499,0.195355896,0.020652924,3,3,4.127435566,10.86365157,NonSynthetic
22.07627409,0.084975796,0.020652924,3,3,4.288321859,10.86365157,Synthetic
22.44802199,0.080210695,0.020652924,3,3,4.197929174,10.86365157,NonSynthetic
19.58906058,0.011724104,0.009784061,3,1,3.767609554,10.86365157,NonSynthetic
21.03808285,0.042497322,0.009784061,3,1,4.351369121,10.86365157,Synthetic
21.40983075,0.03773222,0.009784061,3,1,4.260976436,10.86365157,NonSynthetic
19.66559448,-0.00898103,0.009784061,3,1,3.801679132,10.86365157,NonSynthetic
21.22010984,0.021792187,0.009784061,3,1,4.385438699,10.86365157,Synthetic
21.59185774,0.017027086,0.009784061,3,1,4.295046014,10.86365157,NonSynthetic
20.025178,-0.005752376,-0.002952171,1,1,3.767609554,11.13895031,NonSynthetic
21.47420026,0.025020841,-0.002952171,1,1,4.351369121,11.13895031,Synthetic
21.84594816,0.020255739,-0.002952171,1,1,4.260976436,11.13895031,NonSynthetic
20.58833769,0.10664579,0.015123186,2,3,3.564845749,10.98317906,NonSynthetic
22.70255808,0.10664579,0.015123186,2,3,3.564845749,10.98317906,NonSynthetic
21.87346347,0.137419008,0.015123186,2,3,4.148605316,10.98317906,Synthetic
22.24521137,0.132653906,0.015123186,2,3,4.058212631,10.98317906,NonSynthetic
20.21776112,0.10731374,0.029421823,5,3,3.818821286,10.67410832,NonSynthetic
21.68801369,0.139167047,0.029421823,5,3,4.423069845,10.67410832,Synthetic
22.14402438,0.133321856,0.029421823,5,3,4.312188168,10.67410832,NonSynthetic
19.5029358,0.10203432,0.015123186,2,3,3.564845749,10.98317906,NonSynthetic
21.75409418,0.10203432,0.015123186,2,3,3.564845749,10.98317906,NonSynthetic
20.62230099,0.134932273,0.015123186,2,3,4.188910977,10.98317906,Synthetic
21.26393183,0.126707785,0.015123186,2,3,4.03289467,10.98317906,NonSynthetic
23.10376096,0.264133024,0.024631204,3,4,3.431905933,10.86365157,NonSynthetic
25.6783123,0.278378256,0.024631204,3,4,3.702134103,10.86365157,Mixture
24.22312616,0.297030978,0.024631204,3,4,4.055971161,10.86365157,Synthetic
24.56697509,0.292623488,0.024631204,3,4,3.972362274,10.86365157,NonSynthetic
19.73715516,-0.11687139,-0.010592821,2,0,3.733820398,10.98317906,NonSynthetic
20.93801816,-0.085018084,-0.010592821,2,0,4.338068957,10.98317906,Synthetic
21.49815119,-0.092197925,-0.010592821,2,0,4.201869319,10.98317906,NonSynthetic
20.23037098,0.135970308,0.015123186,2,3,3.547703594,10.98317906,NonSynthetic
22.95258008,0.135970308,0.015123186,2,3,3.547703594,10.98317906,NonSynthetic
20.99052277,0.172751338,0.015123186,2,3,4.245429731,10.98317906,Synthetic
22.16238748,0.157730259,0.015123186,2,3,3.960483943,10.98317906,NonSynthetic
20.17360362,0.11765338,0.029421823,5,3,3.650530314,10.67410832,NonSynthetic
21.22812866,0.148426597,0.029421823,5,3,4.234289882,10.67410832,Synthetic
21.70399891,0.142326845,0.029421823,5,3,4.118579236,10.67410832,NonSynthetic
18.08574303,-0.15895773,-0.010592821,2,0,3.616712722,10.98317906,NonSynthetic
20.77034505,-0.15895773,-0.010592821,2,0,3.616712722,10.98317906,NonSynthetic
19.23617054,-0.125047296,-0.010592821,2,0,4.259984435,10.98317906,Synthetic
19.95678975,-0.134284265,-0.010592821,2,0,4.084761643,10.98317906,NonSynthetic
18.02784556,0.058143172,0.015123186,2,3,3.616712722,10.98317906,NonSynthetic
21.64836226,0.058143172,0.015123186,2,3,3.616712722,10.98317906,NonSynthetic
20.36510059,0.091041125,0.015123186,2,3,4.24077795,10.98317906,Synthetic
21.00673143,0.082816637,0.015123186,2,3,4.084761643,10.98317906,NonSynthetic
19.33226366,0.118753601,0.024631204,3,4,3.733820398,10.86365157,NonSynthetic
20.48269118,0.152664036,0.024631204,3,4,4.377092111,10.86365157,Synthetic
21.20331038,0.143427066,0.024631204,3,4,4.201869319,10.86365157,NonSynthetic
20.28937563,-0.10228042,-0.005063083,3,0,2.971893786,10.86365157,NonSynthetic
17.53581521,-0.10228042,-0.005063083,3,0,2.971893786,10.86365157,NonSynthetic
19.35933831,-0.10228042,-0.005063083,3,0,2.971893786,10.86365157,NonSynthetic
18.28549475,-0.068369985,-0.005063083,3,0,3.615165499,10.86365157,Synthetic
19.00611396,-0.077606955,-0.005063083,3,0,3.439942707,10.86365157,NonSynthetic
20.94875993,-0.05991424,0.010404211,2,2,3.913384194,10.98317906,NonSynthetic
21.94318843,-0.05991424,0.010404211,2,2,3.913384194,10.98317906,NonSynthetic
21.85892564,-0.028060934,0.010404211,2,2,4.517632753,10.98317906,Synthetic
22.0305183,-0.05991424,0.010404211,2,2,3.913384194,10.98317906,Synthetic
24.43852047,0.039235995,0.011894972,1,4,4.302837313,11.13895031,Synthetic
24.97602896,0.032346157,0.011894972,1,4,4.172138968,11.13895031,NonSynthetic
24.87699508,0.033615583,0.011894972,1,4,4.196219637,11.13895031,Synthetic
24.20823984,0.006338041,0.011894972,1,4,3.678772085,11.13895031,Synthetic
20.64608004,-0.072630142,0.004254323,2,1,3.553176965,10.98317906,NonSynthetic
16.2306441,0.119659501,0.029292988,4,4,2.791250353,10.76288524,NonSynthetic
16.2306441,0.119659501,0.029292988,4,4,2.791250353,10.76288524,NonSynthetic
17.48994614,0.082738229,0.019101466,2,4,3.538066101,10.98317906,NonSynthetic
17.57752302,-0.162382032,-0.017799315,1,0,3.553176965,11.13895031,NonSynthetic
17.36451411,0.044471702,0.007916692,1,3,3.553176965,11.13895031,NonSynthetic
19.56446036,0.130082469,0.003197717,1,2,3.664354613,11.13895031,NonSynthetic
19.46983468,0.130082469,0.003197717,1,2,3.664354613,11.13895031,NonSynthetic
22.59407087,0.130082469,0.003197717,1,2,3.664354613,11.13895031,NonSynthetic
22.75983146,0.160855686,0.003197717,1,2,4.248114181,11.13895031,Mixture
17.19830222,0.144493916,0.007916692,1,3,3.822203894,11.13895031,NonSynthetic
18.02820565,0.144493916,0.007916692,1,3,3.822203894,11.13895031,NonSynthetic
18.6332437,0.144493916,0.007916692,1,3,3.822203894,11.13895031,NonSynthetic
18.79900429,0.144493916,0.007916692,1,3,3.822203894,11.13895031,NonSynthetic
16.63795727,0.290232469,0.019101466,2,4,3.307800084,10.98317906,NonSynthetic
19.0996123,0.290232469,0.019101466,2,4,3.307800084,10.98317906,NonSynthetic
18.71107193,0.290232469,0.019101466,2,4,3.307800084,10.98317906,NonSynthetic
20.43756691,0.319886284,0.019101466,2,4,3.870324879,10.98317906,Mixture
20.26597424,0.322085776,0.019101466,2,4,3.912048643,10.98317906,NonSynthetic
21.05340416,0.31199242,0.019101466,2,4,3.720580433,10.98317906,Mixture
18.27829754,0.041973328,-0.002952171,1,1,3.541158173,11.13895031,NonSynthetic
17.98051563,0.041973328,-0.002952171,1,1,3.541158173,11.13895031,NonSynthetic
17.71816451,0.041973328,-0.002952171,1,1,3.541158173,11.13895031,NonSynthetic
17.71816451,0.041973328,-0.002952171,1,1,3.541158173,11.13895031,NonSynthetic
18.83230518,0.200923039,0.020652924,3,3,3.327739444,10.86365157,NonSynthetic
21.38802933,0.200923039,0.020652924,3,3,3.327739444,10.86365157,NonSynthetic
20.77219208,0.200923039,0.020652924,3,3,3.327739444,10.86365157,NonSynthetic
20.97178606,0.233820992,0.020652924,3,3,3.951804672,10.86365157,Mixture
21.13754664,0.231696257,0.020652924,3,3,3.911499011,10.86365157,NonSynthetic
21.96664125,0.221068839,0.020652924,3,3,3.709899787,10.86365157,Synthetic
16.56058023,0.161024046,0.020652924,3,3,3.539410588,10.86365157,NonSynthetic
16.13535907,0.161024046,0.020652924,3,3,3.539410588,10.86365157,NonSynthetic
16.87793262,0.161024046,0.020652924,3,3,3.539410588,10.86365157,NonSynthetic
16.38249189,0.161024046,0.020652924,3,3,3.539410588,10.86365157,NonSynthetic
16.2982291,0.161024046,0.020652924,3,3,3.539410588,10.86365157,NonSynthetic
16.71848665,0.276348092,0.011894972,1,4,3.209713239,11.13895031,NonSynthetic
19.6751076,0.276348092,0.011894972,1,4,3.209713239,11.13895031,NonSynthetic
19.19923735,0.276348092,0.011894972,1,4,3.209713239,11.13895031,NonSynthetic
21.32351757,0.304838555,0.011894972,1,4,3.75016958,11.13895031,Mixture
21.06116644,0.308201398,0.011894972,1,4,3.813961798,11.13895031,NonSynthetic
21.73138593,0.299610458,0.011894972,1,4,3.650993994,11.13895031,Mixture
18.75376625,0.139632118,0.019101466,2,4,3.524228974,10.98317906,NonSynthetic
18.13792899,0.139632118,0.019101466,2,4,3.524228974,10.98317906,NonSynthetic
17.84538084,0.139632118,0.019101466,2,4,3.524228974,10.98317906,NonSynthetic
17.67962026,0.139632118,0.019101466,2,4,3.524228974,10.98317906,NonSynthetic
19.94045914,0.275637578,0.011894972,1,4,2.957485286,11.13895031,NonSynthetic
19.55191877,0.275637578,0.011894972,1,4,2.957485286,11.13895031,NonSynthetic
22.21332334,0.306410795,0.011894972,1,4,3.541244854,11.13895031,Mixture
22.21332334,0.306410795,0.011894972,1,4,3.541244854,11.13895031,NonSynthetic
23.04241795,0.295783377,0.011894972,1,4,3.33964563,11.13895031,Mixture
19.01547816,0.117034417,0.029421823,5,3,3.79513371,10.67410832,NonSynthetic
18.51685134,0.117034417,0.029421823,5,3,3.79513371,10.67410832,NonSynthetic
20.56093698,0.117034417,0.029421823,5,3,3.79513371,10.67410832,NonSynthetic
20.73252964,0.117034417,0.029421823,5,3,3.79513371,10.67410832,NonSynthetic
18.43952226,0.130982615,0.029421823,5,3,3.524228974,10.67410832,NonSynthetic
18.10810303,0.130982615,0.029421823,5,3,3.524228974,10.67410832,NonSynthetic
17.41490879,0.130982615,0.029421823,5,3,3.524228974,10.67410832,NonSynthetic
17.73635513,0.130982615,0.029421823,5,3,3.524228974,10.67410832,NonSynthetic
16.40638961,0.271216551,0.019101466,2,4,3.287964101,10.98317906,NonSynthetic
18.71663641,0.271216551,0.019101466,2,4,3.287964101,10.98317906,NonSynthetic
18.21800959,0.271216551,0.019101466,2,4,3.287964101,10.98317906,NonSynthetic
17.63523898,0.301989768,0.019101466,2,4,3.871723669,10.98317906,Mixture
17.5509762,0.303069857,0.019101466,2,4,3.89221266,10.98317906,NonSynthetic
18.33840612,0.292976501,0.019101466,2,4,3.70074445,10.98317906,Mixture
