Annual_costs,Mildew_incidence,Mildew_may,First_spray_date,Interval,Pruning,Susceptibility_to_nonR6_Strains,Group
19.08037944,0.061428885,0.018965733,10.86365157,3.38285492,3,1,NonSynthetic
19.84409996,0.088744666,0.018965733,10.86365157,3.945379715,3,1,Synthetic
19.46300058,0.101517492,0.018965733,10.86365157,4.208415618,3,1,Mixture
19.24727432,-0.010298068,0.017313983,10.86365157,3.38285492,3,4,NonSynthetic
20.01099483,0.017017712,0.017313983,10.86365157,3.945379715,3,4,Synthetic
19.62989546,0.029790538,0.017313983,10.86365157,4.208415618,3,4,Mixture
20.00703706,0.040637482,0.017313983,10.86365157,3.38285492,3,4,NonSynthetic
20.77075757,0.067953262,0.017313983,10.86365157,3.945379715,3,4,Synthetic
20.67988066,0.080726088,0.017313983,10.86365157,4.208415618,3,4,Mixture
21.05342306,0.068791337,0.023290196,10.76288524,3.38285492,4,2,NonSynthetic
21.81714357,0.096107118,0.023290196,10.76288524,3.945379715,4,2,Synthetic
21.38434235,0.108879943,0.023290196,10.76288524,4.208415618,4,2,Mixture
20.15653606,0.133575921,0.018965733,10.86365157,3.38285492,3,1,NonSynthetic
20.92025658,0.160891702,0.018965733,10.86365157,3.945379715,3,1,Synthetic
19.8384982,0.173664528,0.018965733,10.86365157,4.208415618,3,1,Mixture
20.7396909,0.172671432,0.018965733,10.86365157,3.38285492,3,1,NonSynthetic
21.50341141,0.199987213,0.018965733,10.86365157,3.945379715,3,1,Synthetic
20.42165304,0.212760039,0.018965733,10.86365157,4.208415618,3,1,Mixture
20.58148409,0.046642942,0.022322623,10.76288524,3.38285492,4,4,NonSynthetic
21.34520461,0.073958723,0.022322623,10.76288524,3.945379715,4,4,Synthetic
20.55366869,0.086731548,0.022322623,10.76288524,4.208415618,4,4,Mixture
20.8894644,0.165552057,0.01302456,10.98317906,3.38285492,2,1,NonSynthetic
21.65318491,0.192867837,0.01302456,10.98317906,3.945379715,2,1,Synthetic
23.37406254,0.205640663,0.01302456,10.98317906,4.208415618,2,1,Mixture
22.69059207,0.285530424,0.027702896,10.67410832,3.446672637,5,2,NonSynthetic
23.45431259,0.312846205,0.027702896,10.67410832,4.009197432,5,2,Synthetic
22.01064537,0.32561903,0.027702896,10.67410832,4.272233335,5,2,Mixture
22.13351079,0.587488052,0.018281555,10.86365157,3.612952972,3,2,NonSynthetic
22.89723131,0.614803833,0.018281555,10.86365157,4.175477767,3,2,Synthetic
20.70437739,0.627576658,0.018281555,10.86365157,4.43851367,3,2,Mixture
25.65972373,0.149518908,0.017313983,10.86365157,2.964030708,3,4,NonSynthetic
26.81198461,0.172247012,0.017313983,10.86365157,3.432079629,3,4,Mixture
27.45361545,0.164670977,0.017313983,10.86365157,3.276063322,3,4,Synthetic
22.91453189,0.189607515,0.017313983,10.86365157,3.789591406,3,4,Mixture
21.76479341,0.160035841,0.018965733,10.86365157,3.38285492,3,1,NonSynthetic
22.52851392,0.187351622,0.018965733,10.86365157,3.945379715,3,1,Synthetic
20.93383756,0.200124447,0.018965733,10.86365157,4.208415618,3,1,Mixture
24.70048006,0.122883199,0.027177908,10.67410832,3.38285492,5,3,NonSynthetic
25.46420057,0.15019898,0.027177908,10.67410832,3.945379715,5,3,Synthetic
22.28046519,0.162971805,0.027177908,10.67410832,4.208415618,5,3,Mixture
22.68711157,0.387161171,0.017756568,10.86365157,3.493390449,3,3,NonSynthetic
23.45083208,0.414476952,0.017756568,10.86365157,4.055915243,3,3,Synthetic
23.58938163,0.427249777,0.017756568,10.86365157,4.318951146,3,3,Mixture
20.68548645,0.169037491,0.018965733,10.86365157,3.38285492,3,1,NonSynthetic
21.44920696,0.196353271,0.018965733,10.86365157,3.945379715,3,1,Synthetic
20.36744859,0.209126097,0.018965733,10.86365157,4.208415618,3,1,Mixture
22.40522072,0.237357713,0.018965733,10.86365157,3.38285492,3,1,NonSynthetic
23.16894123,0.264673494,0.018965733,10.86365157,3.945379715,3,1,Synthetic
22.78784186,0.27744632,0.018965733,10.86365157,4.208415618,3,1,Mixture
21.87202134,0.113705436,0.022322623,10.76288524,3.38285492,4,4,NonSynthetic
22.63574185,0.141021217,0.022322623,10.76288524,3.945379715,4,4,Synthetic
21.776679,0.153794042,0.022322623,10.76288524,4.208415618,4,4,Mixture
21.21900605,0.157832233,0.018965733,10.86365157,3.38285492,3,1,NonSynthetic
21.98272656,0.185148014,0.018965733,10.86365157,3.945379715,3,1,Synthetic
21.19119065,0.197920839,0.018965733,10.86365157,4.208415618,3,1,Mixture
20.44929896,0.180415621,0.028387073,10.67410832,3.38285492,5,1,NonSynthetic
21.21301948,0.207731402,0.028387073,10.67410832,3.945379715,5,1,Synthetic
21.69798226,0.220504228,0.028387073,10.67410832,4.208415618,5,1,Mixture
20.66730013,0.183427241,0.026735323,10.67410832,3.446672637,5,4,NonSynthetic
21.43102065,0.210743022,0.026735323,10.67410832,4.009197432,5,4,Synthetic
21.88464276,0.223515847,0.026735323,10.67410832,4.272233335,5,4,Mixture
20.57813082,0.101141628,0.017756568,10.86365157,3.38285492,3,3,NonSynthetic
21.34185134,0.128457409,0.017756568,10.86365157,3.945379715,3,3,Synthetic
20.26009296,0.141230235,0.017756568,10.86365157,4.208415618,3,3,Mixture
23.0217986,0.242931498,0.022765208,10.76288524,3.438122684,4,3,NonSynthetic
23.78551911,0.270247279,0.022765208,10.76288524,4.000647479,4,3,Synthetic
22.8070917,0.283020104,0.022765208,10.76288524,4.263683382,4,3,Mixture
26.3378765,1.033048395,0.026735323,10.67410832,4.742580285,5,4,NonSynthetic
28.91005906,1.033048395,0.026735323,10.67410832,4.742580285,5,4,NonSynthetic
29.78234112,1.065190787,0.026735323,10.67410832,5.404501417,5,4,Synthetic
30.68974415,1.054476657,0.026735323,10.67410832,5.18386104,5,4,Mixture
24.14537634,0.431892321,0.01467631,10.98317906,4.130727356,2,0,NonSynthetic
24.35958514,0.431892321,0.01467631,10.98317906,4.130727356,2,0,NonSynthetic
24.60272305,0.450449739,0.01467631,10.98317906,4.5128877,2,0,Synthetic
23.36825443,0.481571701,0.01467631,10.98317906,5.153794699,2,0,NonSynthetic
23.13087118,0.322842774,0.030038823,10.67410832,3.38285492,5,0,NonSynthetic
24.81227197,0.346800299,0.030038823,10.67410832,3.876221802,5,0,Synthetic
25.1436912,0.342887077,0.030038823,10.67410832,3.795635269,5,0,NonSynthetic
25.74676797,0.360722946,0.030038823,10.67410832,4.162936455,5,0,Mixture
27.14011609,0.344271035,0.030038823,10.67410832,3.824135674,5,0,NonSynthetic
22.77813608,0.299194923,0.030038823,10.67410832,3.38285492,5,0,NonSynthetic
24.45953687,0.323152448,0.030038823,10.67410832,3.876221802,5,0,Synthetic
24.79095611,0.319239226,0.030038823,10.67410832,3.795635269,5,0,NonSynthetic
25.39403287,0.337075095,0.030038823,10.67410832,4.162936455,5,0,Mixture
26.787381,0.320623184,0.030038823,10.67410832,3.824135674,5,0,NonSynthetic
21.2433839,0.167252954,0.028387073,10.67410832,4.768005666,5,1,NonSynthetic
21.0770568,0.212073378,0.028387073,10.67410832,5.691010586,5,1,Synthetic
21.72965972,0.204367791,0.028387073,10.67410832,5.532326354,5,1,NonSynthetic
30.01634191,0.79960716,0.011815395,10.98317906,4.410765675,2,3,Mixture
32.73855101,0.756750638,0.011815395,10.98317906,3.528204166,2,3,Mixture
29.52391154,0.779478741,0.011815395,10.98317906,3.996253087,2,3,Synthetic
28.65200007,0.789773806,0.011815395,10.98317906,4.208263482,2,3,Mixture
31.70436721,0.86604079,0.025626122,10.76288524,3.235246379,4,0,Synthetic
32.72898068,0.833898398,0.025626122,10.76288524,2.573325247,4,0,Synthetic
32.5016838,0.856626502,0.025626122,10.76288524,3.041374168,4,0,Mixture
33.14331464,0.849050467,0.025626122,10.76288524,2.885357861,4,0,NonSynthetic
31.4092442,0.859025262,0.025626122,10.76288524,3.090772799,4,0,Mixture
31.4092442,0.833898398,0.025626122,10.76288524,2.573325247,4,0,Mixture
31.72248687,0.833898398,0.025626122,10.76288524,2.573325247,4,0,Mixture
24.3257592,0.274927161,0.01467631,10.98317906,3.317849673,2,0,NonSynthetic
30.13298782,0.274927161,0.01467631,10.98317906,3.317849673,2,0,NonSynthetic
30.47683675,0.274927161,0.01467631,10.98317906,3.317849673,2,0,NonSynthetic
31.58817396,0.288049238,0.01467631,10.98317906,3.588077844,2,0,Synthetic
28.86113244,0.274927161,0.01467631,10.98317906,3.317849673,2,0,Synthetic
28.33605365,0.301171314,0.01467631,10.98317906,3.858306015,2,0,NonSynthetic
24.97112254,0.279761262,0.022322623,10.76288524,2.621554913,4,4,NonSynthetic
24.74382565,0.279761262,0.022322623,10.76288524,2.621554913,4,4,NonSynthetic
24.6397033,0.279761262,0.022322623,10.76288524,2.621554913,4,4,NonSynthetic
27.84258214,0.322617784,0.022322623,10.76288524,3.504116422,4,4,Synthetic
27.59274846,0.299805565,0.022322623,10.76288524,3.034335262,4,4,Mixture
27.71867594,0.279761262,0.022322623,10.76288524,2.621554913,4,4,Mixture
27.71867594,0.279761262,0.022322623,10.76288524,2.621554913,4,4,Mixture
27.85561392,0.29670179,0.022322623,10.76288524,2.970417981,4,4,Synthetic
22.00392416,0.58632203,0.022765208,10.76288524,3.759699356,4,3,NonSynthetic
25.56560291,0.632405249,0.022765208,10.76288524,4.708709502,4,3,Mixture
27.81172011,0.58632203,0.022765208,10.76288524,3.759699356,4,3,Mixture
17.70290598,0.096526417,0.006933623,11.13895031,4.032180049,1,0,NonSynthetic
18.8465454,0.096526417,0.006933623,11.13895031,4.032180049,1,0,NonSynthetic
17.83125783,0.096526417,0.006933623,11.13895031,4.032180049,1,0,NonSynthetic
16.83680614,0.038461879,0.006933623,11.13895031,4.032180049,1,0,NonSynthetic
17.98044556,0.038461879,0.006933623,11.13895031,4.032180049,1,0,NonSynthetic
16.96515799,0.038461879,0.006933623,11.13895031,4.032180049,1,0,NonSynthetic
20.35075096,-0.006748178,0.017756568,10.86365157,4.292559927,3,3,NonSynthetic
21.61149682,0.033340428,0.017756568,10.86365157,5.118120625,3,3,Synthetic
17.59694774,-0.090768705,0.01137281,10.98317906,4.557060322,2,4,NonSynthetic
18.11677212,-0.055918956,0.01137281,10.98317906,4.557060322,2,4,NonSynthetic
21.86644312,0.014846657,0.027177908,10.67410832,4.783842282,5,3,Synthetic
18.79771735,0.121844274,0.006933623,11.13895031,4.286155586,1,0,NonSynthetic
19.94135678,0.121844274,0.006933623,11.13895031,4.286155586,1,0,NonSynthetic
20.73138135,0.018769812,0.017756568,10.86365157,4.292559927,3,3,NonSynthetic
21.29146821,0.058858418,0.017756568,10.86365157,5.118120625,3,3,Synthetic
20.24234017,-0.031176587,0.011815395,10.98317906,4.292559927,2,3,NonSynthetic
20.80242704,0.008912019,0.011815395,10.98317906,5.118120625,2,3,Synthetic
18.73670502,0.025390997,0.01302456,10.98317906,4.48975562,2,1,NonSynthetic
14.15594909,-0.021586461,0.023290196,10.76288524,2.576467756,4,2,NonSynthetic
14.03873866,-0.021586461,0.023290196,10.76288524,2.576467756,4,2,NonSynthetic
14.15594909,-0.021586461,0.023290196,10.76288524,2.576467756,4,2,NonSynthetic
13.54011184,-0.021586461,0.023290196,10.76288524,2.576467756,4,2,NonSynthetic
13.6308703,-0.021586461,0.023290196,10.76288524,2.576467756,4,2,NonSynthetic
16.04295711,0.037195064,0.005281873,11.13895031,2.952530357,1,1,NonSynthetic
15.92574667,0.037195064,0.005281873,11.13895031,2.952530357,1,1,NonSynthetic
16.16888458,0.037195064,0.005281873,11.13895031,2.952530357,1,1,NonSynthetic
15.92574667,0.037195064,0.005281873,11.13895031,2.952530357,1,1,NonSynthetic
16.04295711,0.037195064,0.005281873,11.13895031,2.952530357,1,1,NonSynthetic
15.33978997,0.037195064,0.005281873,11.13895031,2.952530357,1,1,NonSynthetic
16.77018641,0.168865345,0.006933623,11.13895031,2.952530357,1,0,NonSynthetic
16.65297597,0.168865345,0.006933623,11.13895031,2.952530357,1,0,NonSynthetic
16.89611388,0.168865345,0.006933623,11.13895031,2.952530357,1,0,NonSynthetic
16.65297597,0.168865345,0.006933623,11.13895031,2.952530357,1,0,NonSynthetic
16.77018641,0.168865345,0.006933623,11.13895031,2.952530357,1,0,NonSynthetic
16.06701927,0.168865345,0.006933623,11.13895031,2.952530357,1,0,NonSynthetic
19.98841494,0.14461904,0.005281873,11.13895031,4.083178825,1,1,NonSynthetic
19.72058264,0.14461904,0.005281873,11.13895031,4.083178825,1,1,NonSynthetic
21.03227259,0.182091848,0.018965733,10.86365157,4.083178825,3,1,NonSynthetic
19.62644878,0.182091848,0.018965733,10.86365157,4.083178825,3,1,NonSynthetic
16.76339021,0.189559351,0.025626122,10.76288524,3.084418831,4,0,NonSynthetic
19.61231302,0.189559351,0.025626122,10.76288524,3.084418831,4,0,NonSynthetic
19.49510259,0.189559351,0.025626122,10.76288524,3.084418831,4,0,NonSynthetic
19.87517848,0.189559351,0.025626122,10.76288524,3.084418831,4,0,NonSynthetic
19.00589318,0.189559351,0.025626122,10.76288524,3.084418831,4,0,NonSynthetic
17.49275388,0.20682962,0.01467631,10.98317906,3.084418831,2,0,NonSynthetic
19.70181369,0.20682962,0.01467631,10.98317906,3.084418831,2,0,NonSynthetic
19.58460325,0.20682962,0.01467631,10.98317906,3.084418831,2,0,NonSynthetic
19.58460325,0.20682962,0.01467631,10.98317906,3.084418831,2,0,NonSynthetic
19.70181369,0.20682962,0.01467631,10.98317906,3.084418831,2,0,NonSynthetic
18.05870006,0.215027223,0.006933623,11.13895031,3.084418831,1,0,NonSynthetic
20.02967996,0.215027223,0.006933623,11.13895031,3.084418831,1,0,NonSynthetic
19.91246953,0.215027223,0.006933623,11.13895031,3.084418831,1,0,NonSynthetic
20.29254542,0.215027223,0.006933623,11.13895031,3.084418831,1,0,NonSynthetic
19.50460117,0.215027223,0.006933623,11.13895031,3.084418831,1,0,NonSynthetic
17.81776999,0.212166618,0.025626122,10.76288524,3.338394368,4,0,NonSynthetic
20.14353475,0.212166618,0.025626122,10.76288524,3.338394368,4,0,NonSynthetic
20.26074518,0.212166618,0.025626122,10.76288524,3.338394368,4,0,NonSynthetic
20.14353475,0.212166618,0.025626122,10.76288524,3.338394368,4,0,NonSynthetic
17.51998808,0.212166618,0.025626122,10.76288524,3.338394368,4,0,NonSynthetic
24.88969823,0.100654173,0.01467631,10.98317906,3.71101458,2,0,NonSynthetic
25.02975329,0.134535229,0.01467631,10.98317906,4.408740716,2,0,Synthetic
20.26074643,0.098346376,0.01467631,10.98317906,3.71101458,2,0,NonSynthetic
20.40080148,0.132227432,0.01467631,10.98317906,4.408740716,2,0,Synthetic
22.86385161,-0.080560301,0.017313983,10.86365157,3.71101458,3,4,NonSynthetic
23.00390667,-0.046679245,0.017313983,10.86365157,4.408740716,3,4,Synthetic
25.31080479,0.128885742,0.01467631,10.98317906,3.71101458,2,0,NonSynthetic
25.45085985,0.162766799,0.01467631,10.98317906,4.408740716,2,0,Synthetic
20.02113741,-0.002002174,0.004072709,11.13895031,3.992514273,1,3,NonSynthetic
22.68284458,0.161480692,0.01467631,10.98317906,4.246489811,2,0,NonSynthetic
19.13405286,0.105179374,0.018965733,10.86365157,3.992514273,3,1,NonSynthetic
19.41982034,0.002360085,0.004072709,11.13895031,3.992514273,1,3,NonSynthetic
18.92192063,0.013098743,0.011815395,10.98317906,3.992514273,2,3,NonSynthetic
19.05595087,0.099943308,0.018965733,10.86365157,3.992514273,3,1,NonSynthetic
23.39063884,-0.020892447,0.003630124,11.13895031,2.779400946,1,4,NonSynthetic
21.02275428,0.014642304,0.003630124,11.13895031,3.511182292,1,4,Synthetic
23.03533305,-0.020892447,0.003630124,11.13895031,2.779400946,1,4,Synthetic
21.86346834,0.012988609,0.003630124,11.13895031,3.477127082,1,4,NonSynthetic
24.09129784,-0.020892447,0.003630124,11.13895031,2.779400946,1,4,NonSynthetic
24.61866434,0.06920442,0.004597696,11.13895031,2.868527809,1,2,NonSynthetic
22.25077978,0.104739172,0.004597696,11.13895031,3.600309154,1,2,Synthetic
23.56269955,0.06920442,0.004597696,11.13895031,2.868527809,1,2,Synthetic
22.61478346,0.100441211,0.004597696,11.13895031,3.511799522,1,2,Mixture
25.47976247,0.18364236,0.01302456,10.98317906,2.868527809,2,1,NonSynthetic
23.11187791,0.219177112,0.01302456,10.98317906,3.600309154,2,1,Synthetic
25.41467914,0.18364236,0.01302456,10.98317906,2.868527809,2,1,Synthetic
24.46676305,0.214879151,0.01302456,10.98317906,3.511799522,2,1,Mixture
25.87474391,0.215317409,0.006933623,11.13895031,3.287352021,1,0,NonSynthetic
23.57605287,0.25003516,0.006933623,11.13895031,4.002308557,1,0,Synthetic
24.70156868,0.215317409,0.006933623,11.13895031,3.287352021,1,0,Synthetic
27.51031121,0.282683228,0.018965733,10.86365157,3.049587731,3,1,NonSynthetic
25.14242665,0.31821798,0.018965733,10.86365157,3.781369077,3,1,Synthetic
26.12873162,0.282683228,0.018965733,10.86365157,3.049587731,3,1,Synthetic
25.95713895,0.312025083,0.018965733,10.86365157,3.65383629,3,1,NonSynthetic
25.50978917,0.093993781,0.011815395,10.98317906,4.189146191,2,3,Synthetic
26.23780233,0.060970612,0.011815395,10.98317906,3.509086875,2,3,Synthetic
25.44048575,0.093113004,0.011815395,10.98317906,4.171008007,2,3,NonSynthetic
23.24395201,0.100877095,0.004072709,11.13895031,3.248232164,1,3,NonSynthetic
24.2999168,0.100877095,0.004072709,11.13895031,3.248232164,1,3,NonSynthetic
20.84569737,0.140965702,0.004072709,11.13895031,4.073792861,1,3,Synthetic
21.59537692,0.132113886,0.004072709,11.13895031,3.891503877,1,3,Mixture
28.65767526,0.127377668,0.011815395,10.98317906,3.975907302,2,3,Synthetic
24.7680816,0.075351873,0.004072709,11.13895031,4.450216731,1,3,Synthetic
25.98945971,0.035985643,0.004072709,11.13895031,3.639532219,1,3,Synthetic
25.19214313,0.068128036,0.004072709,11.13895031,4.301453351,1,3,NonSynthetic
22.59036212,0.087023006,0.005281873,11.13895031,2.877605607,1,1,NonSynthetic
22.70757255,0.087023006,0.005281873,11.13895031,2.877605607,1,1,NonSynthetic
22.18249376,0.113267159,0.005281873,11.13895031,3.418061949,1,1,Synthetic
23.18093467,0.087023006,0.005281873,11.13895031,2.877605607,1,1,Synthetic
22.23636684,0.120904062,0.005281873,11.13895031,3.575331744,1,1,NonSynthetic
25.29139867,0.142653302,0.018965733,10.86365157,3.452943488,3,1,Synthetic
25.02904754,0.171995157,0.018965733,10.86365157,4.057192047,3,1,NonSynthetic
26.87244225,0.142653302,0.018965733,10.86365157,3.452943488,3,1,NonSynthetic
24.38047897,0.081706634,0.004072709,11.13895031,4.465092917,1,3,Synthetic
26.03807704,0.041618028,0.004072709,11.13895031,3.639532219,1,3,Synthetic
26.03807704,0.068933809,0.004072709,11.13895031,4.202057014,1,3,NonSynthetic
25.59122081,0.183586572,0.011815395,10.98317906,2.96673247,2,3,NonSynthetic
23.94879758,0.219919957,0.011815395,10.98317906,3.714960393,2,3,Synthetic
26.27923925,0.183586572,0.011815395,10.98317906,2.96673247,2,3,Synthetic
26.36999771,0.209830726,0.011815395,10.98317906,3.507188811,2,3,Mixture
26.41101617,0.096739235,0.011815395,10.98317906,3.001135801,2,3,NonSynthetic
24.33043791,0.128881627,0.011815395,10.98317906,3.663056933,2,3,Synthetic
24.42918872,0.096739235,0.011815395,10.98317906,3.001135801,2,3,Synthetic
24.42918872,0.12508616,0.011815395,10.98317906,3.584895368,2,3,NonSynthetic
25.3963922,0.199386096,0.027177908,10.67410832,4.737775018,5,3,NonSynthetic
26.4812752,0.105162014,0.011815395,10.98317906,4.408952763,2,3,Synthetic
26.95225742,0.073019622,0.011815395,10.98317906,3.747031631,2,3,Synthetic
26.95225742,0.101366548,0.011815395,10.98317906,4.330791198,2,3,NonSynthetic
29.43645642,0.324091711,0.01467631,10.98317906,2.603239363,2,0,NonSynthetic
27.06857186,0.359626463,0.01467631,10.98317906,3.335020708,2,0,Synthetic
26.55107738,0.324091711,0.01467631,10.98317906,2.603239363,2,0,Synthetic
28.22287943,0.324091711,0.01467631,10.98317906,2.603239363,2,0,Synthetic
26.55107738,0.351407492,0.01467631,10.98317906,3.165764158,2,0,Mixture
24.3954519,0.26234482,0.006933623,11.13895031,4.289320151,1,0,Synthetic
25.00420453,0.226810069,0.006933623,11.13895031,3.557538806,1,0,Synthetic
24.91994175,0.256151924,0.006933623,11.13895031,4.161787365,1,0,NonSynthetic
25.35772844,0.17579388,0.017756568,10.86365157,4.289320151,3,3,Synthetic
26.47939906,0.140259129,0.017756568,10.86365157,3.557538806,3,3,Synthetic
26.31363847,0.170563267,0.017756568,10.86365157,4.181604034,3,3,NonSynthetic
25.48478635,0.211397677,0.023974373,10.76288524,4.543295688,4,1,Synthetic
25.39287998,0.175862925,0.023974373,10.76288524,3.811514343,4,1,Synthetic
27.90726916,0.465880039,0.011815395,10.98317906,4.316781626,2,3,Synthetic
28.95143233,0.43285687,0.011815395,10.98317906,3.63672231,2,3,Synthetic
28.33493548,0.46409366,0.011815395,10.98317906,4.279994023,2,3,NonSynthetic
25.7712553,0.162886362,0.004072709,11.13895031,4.543295688,1,3,Synthetic
27.16799681,0.127351611,0.004072709,11.13895031,3.811514343,1,3,Synthetic
25.61883347,0.268723391,0.005281873,11.13895031,4.124471477,1,1,Synthetic
26.31491598,0.23318864,0.005281873,11.13895031,3.392690131,1,1,Synthetic
26.31491598,0.260504421,0.005281873,11.13895031,3.955214926,1,1,Mixture
23.77734627,0.111360187,0.017756568,10.86365157,4.240133678,3,3,Synthetic
25.89374355,0.076642435,0.017756568,10.86365157,3.525177141,3,3,Synthetic
24.76822773,0.111360187,0.017756568,10.86365157,4.240133678,3,3,NonSynthetic
23.7308659,0.100493737,0.022322623,10.76288524,4.240133678,4,4,Synthetic
24.85638172,0.065775986,0.022322623,10.76288524,3.525177141,4,4,Synthetic
23.7308659,0.100493737,0.022322623,10.76288524,4.240133678,4,4,NonSynthetic
24.35242249,0.20592442,0.006933623,11.13895031,4.494109215,1,0,Synthetic
25.47793831,0.171206669,0.006933623,11.13895031,3.779152678,1,0,Synthetic
22.6749234,0.278710648,0.025626122,10.76288524,3.558157472,4,0,NonSynthetic
23.46235332,0.278710648,0.025626122,10.76288524,3.558157472,4,0,NonSynthetic
22.93727453,0.278710648,0.025626122,10.76288524,3.558157472,4,0,NonSynthetic
26.30357,0.268784184,0.020617482,10.86365157,3.79513371,3,0,NonSynthetic
27.02121746,0.268784184,0.020617482,10.86365157,3.79513371,3,0,NonSynthetic
19.15072462,0.190497825,0.023974373,10.76288524,3.558157472,4,1,NonSynthetic
19.34438418,0.190497825,0.023974373,10.76288524,3.558157472,4,1,NonSynthetic
18.8883735,0.190497825,0.023974373,10.76288524,3.558157472,4,1,NonSynthetic
21.19751007,0.343080504,0.017756568,10.86365157,3.457126515,3,3,NonSynthetic
21.67338032,0.343080504,0.017756568,10.86365157,3.457126515,3,3,NonSynthetic
21.28483994,0.343080504,0.017756568,10.86365157,3.457126515,3,3,NonSynthetic
21.75712505,0.373384642,0.017756568,10.86365157,4.081191743,3,3,Mixture
20.00364144,0.146091382,0.022765208,10.76288524,3.558157472,4,3,NonSynthetic
20.39218181,0.146091382,0.022765208,10.76288524,3.558157472,4,3,NonSynthetic
19.91631156,0.146091382,0.022765208,10.76288524,3.558157472,4,3,NonSynthetic
24.44622551,0.33999012,0.006933623,11.13895031,2.957485286,1,0,NonSynthetic
24.63988506,0.33999012,0.006933623,11.13895031,2.957485286,1,0,NonSynthetic
24.35546704,0.33999012,0.006933623,11.13895031,2.957485286,1,0,NonSynthetic
22.09817394,0.370294258,0.006933623,11.13895031,3.581550515,1,0,Mixture
22.63568243,0.33999012,0.006933623,11.13895031,2.957485286,1,0,Mixture
25.3926119,0.38944918,0.025626122,10.76288524,2.703509749,4,0,NonSynthetic
25.59576813,0.38944918,0.025626122,10.76288524,2.703509749,4,0,NonSynthetic
25.29798622,0.38944918,0.025626122,10.76288524,2.703509749,4,0,NonSynthetic
22.85992573,0.422472349,0.025626122,10.76288524,3.383569065,4,0,Mixture
23.52868097,0.38944918,0.025626122,10.76288524,2.703509749,4,0,Mixture
24.70649771,0.406971613,0.020617482,10.86365157,2.703509749,3,0,NonSynthetic
24.90965394,0.406971613,0.020617482,10.86365157,2.703509749,3,0,NonSynthetic
24.61187203,0.406971613,0.020617482,10.86365157,2.703509749,3,0,NonSynthetic
23.98743742,0.439994782,0.020617482,10.86365157,3.383569065,3,0,Mixture
24.65619266,0.406971613,0.020617482,10.86365157,2.703509749,3,0,Mixture
19.98870648,0.191361807,0.022322623,10.76288524,2.991554864,4,4,NonSynthetic
20.36045438,0.191361807,0.022322623,10.76288524,2.991554864,4,4,NonSynthetic
20.07603635,0.191361807,0.022322623,10.76288524,2.991554864,4,4,NonSynthetic
19.37537735,0.218677588,0.022322623,10.76288524,3.554079659,4,4,Mixture
19.46613582,0.191361807,0.022322623,10.76288524,2.991554864,4,4,Mixture
26.83758586,0.405714264,0.020617482,10.86365157,2.957485286,3,0,NonSynthetic
27.540753,0.405714264,0.020617482,10.86365157,2.957485286,3,0,NonSynthetic
26.92491574,0.405714264,0.020617482,10.86365157,2.957485286,3,0,NonSynthetic
23.4297013,0.435056119,0.020617482,10.86365157,3.561733845,3,0,Mixture
23.78667811,0.405714264,0.020617482,10.86365157,2.957485286,3,0,Mixture
21.96831256,0.300918713,0.027177908,10.67410832,3.504422712,5,3,NonSynthetic
21.96831256,0.300918713,0.027177908,10.67410832,3.504422712,5,3,NonSynthetic
20.68866574,0.300918713,0.027177908,10.67410832,3.504422712,5,3,NonSynthetic
21.58338704,0.300918713,0.027177908,10.67410832,3.504422712,5,3,NonSynthetic
23.00456996,0.543409049,0.030038823,10.67410832,3.668693001,5,0,NonSynthetic
23.79199988,0.543409049,0.030038823,10.67410832,3.668693001,5,0,NonSynthetic
23.26692108,0.543409049,0.030038823,10.67410832,3.668693001,5,0,NonSynthetic
17.10805059,0.214403213,0.027177908,10.67410832,3.044000997,5,3,NonSynthetic
19.85353402,0.214403213,0.027177908,10.67410832,3.044000997,5,3,NonSynthetic
20.35216084,0.214403213,0.027177908,10.67410832,3.044000997,5,3,NonSynthetic
19.76620415,0.214403213,0.027177908,10.67410832,3.044000997,5,3,NonSynthetic
19.63821069,0.214403213,0.027177908,10.67410832,3.044000997,5,3,NonSynthetic
19.81629904,0.240647366,0.027177908,10.67410832,3.584457339,5,3,Mixture
25.37078136,1.031148981,0.01467631,10.98317906,2.316111508,2,0,NonSynthetic
26.07394849,1.031148981,0.01467631,10.98317906,2.316111508,2,0,NonSynthetic
25.74252926,1.031148981,0.01467631,10.98317906,2.316111508,2,0,NonSynthetic
26.66020691,1.031148981,0.01467631,10.98317906,2.316111508,2,0,NonSynthetic
24.97419514,1.059495906,0.01467631,10.98317906,2.899871076,2,0,Mixture
26.2636207,1.031148981,0.01467631,10.98317906,2.316111508,2,0,Mixture
25.24690916,1.031148981,0.01467631,10.98317906,2.316111508,2,0,Mixture
25.71058982,-0.001507444,0.028387073,10.67410832,4.119959137,5,1,Synthetic
24.76275634,-0.001507444,0.028387073,10.67410832,4.119959137,5,1,Synthetic
25.77435183,-0.080148569,0.026735323,10.67410832,4.119959137,5,4,Synthetic
24.82651834,-0.080148569,0.026735323,10.67410832,4.119959137,5,4,Synthetic
26.26328576,-0.047369758,0.026735323,10.67410832,4.119959137,5,4,Synthetic
25.31545228,-0.047369758,0.026735323,10.67410832,4.119959137,5,4,Synthetic
25.97487599,-0.018134188,0.027702896,10.67410832,4.119959137,5,2,Synthetic
25.02704251,-0.018134188,0.027702896,10.67410832,4.119959137,5,2,Synthetic
27.03216621,0.027374139,0.023974373,10.76288524,4.119959137,4,1,Synthetic
25.38367373,0.027374139,0.023974373,10.76288524,4.119959137,4,1,Synthetic
26.77370482,0.069765264,0.028387073,10.67410832,4.119959137,5,1,Synthetic
25.82587134,0.069765264,0.028387073,10.67410832,4.119959137,5,1,Synthetic
26.16935006,-0.053667338,0.026735323,10.67410832,4.119959137,5,4,Synthetic
25.22151657,-0.053667338,0.026735323,10.67410832,4.119959137,5,4,Synthetic
30.62794175,0.195436741,0.028387073,10.67410832,4.165085078,5,1,Synthetic
27.46117118,0.195436741,0.028387073,10.67410832,4.165085078,5,1,Synthetic
32.0329454,0.14915155,0.023290196,10.76288524,4.183776855,4,2,Synthetic
25.65783062,0.14915155,0.023290196,10.76288524,4.183776855,4,2,Synthetic
28.41263312,0.012436297,0.027702896,10.67410832,4.119959137,5,2,Synthetic
27.46479963,0.012436297,0.027702896,10.67410832,4.119959137,5,2,Synthetic
29.11348249,-0.038214848,0.026735323,10.67410832,4.119959137,5,4,Synthetic
25.45200836,-0.038214848,0.026735323,10.67410832,4.119959137,5,4,Synthetic
27.88420477,-0.010589338,0.022765208,10.76288524,4.119959137,4,3,Synthetic
25.7227943,-0.010589338,0.022765208,10.76288524,4.119959137,4,3,Synthetic
31.30440901,0.007701988,0.017756568,10.86365157,4.119959137,3,3,Synthetic
28.31339798,0.007701988,0.017756568,10.86365157,4.119959137,3,3,Synthetic
26.72636165,0.066591312,0.028387073,10.67410832,4.119959137,5,1,Synthetic
25.77852816,0.066591312,0.028387073,10.67410832,4.119959137,5,1,Synthetic
26.62791852,-0.022924271,0.026735323,10.67410832,4.119959137,5,4,Synthetic
25.68008503,-0.022924271,0.026735323,10.67410832,4.119959137,5,4,Synthetic
26.90940219,0.078862604,0.028387073,10.67410832,4.119959137,5,1,Synthetic
25.96156871,0.078862604,0.028387073,10.67410832,4.119959137,5,1,Synthetic
26.81424241,0.07248296,0.028387073,10.67410832,4.119959137,5,1,Synthetic
25.86640892,0.07248296,0.028387073,10.67410832,4.119959137,5,1,Synthetic
26.1700458,-0.053620695,0.026735323,10.67410832,4.119959137,5,4,Synthetic
25.22221232,-0.053620695,0.026735323,10.67410832,4.119959137,5,4,Synthetic
26.37098736,-0.017932066,0.027177908,10.67410832,4.119959137,5,3,Synthetic
25.42315388,-0.017932066,0.027177908,10.67410832,4.119959137,5,3,Synthetic
26.35617338,-0.018925216,0.027177908,10.67410832,4.119959137,5,3,Synthetic
25.40833989,-0.018925216,0.027177908,10.67410832,4.119959137,5,3,Synthetic
16.42374739,0.074441729,0.022322623,10.76288524,4.195672416,4,4,NonSynthetic
17.73992663,0.074441729,0.022322623,10.76288524,4.195672416,4,4,NonSynthetic
18.25742111,0.074441729,0.022322623,10.76288524,4.195672416,4,4,NonSynthetic
19.23792164,0.074441729,0.022322623,10.76288524,4.195672416,4,4,NonSynthetic
22.92505288,0.114530335,0.022322623,10.76288524,5.021233113,4,4,Mixture
17.53815192,0.294411055,0.030038823,10.67410832,4.359121371,5,0,NonSynthetic
18.98717419,0.294411055,0.030038823,10.67410832,4.359121371,5,0,NonSynthetic
21.16678377,0.294411055,0.030038823,10.67410832,4.359121371,5,0,NonSynthetic
19.70477667,0.341723376,0.030038823,10.67410832,5.333442896,5,0,Mixture
22.5742948,0.156796336,0.020617482,10.86365157,4.361275979,3,0,NonSynthetic
21.45418364,0.202252543,0.020617482,10.86365157,5.297373821,3,0,Synthetic
23.23430758,0.11745404,0.01467631,10.98317906,4.361275979,2,0,NonSynthetic
20.42265595,0.162910247,0.01467631,10.98317906,5.297373821,2,0,Synthetic
18.73018302,0.071199209,0.018965733,10.86365157,4.864005185,3,1,NonSynthetic
21.31417637,0.071199209,0.018965733,10.86365157,4.864005185,3,1,NonSynthetic
19.22609441,0.117282427,0.018965733,10.86365157,5.813015331,3,1,Synthetic
22.98103535,0.054917263,0.022765208,10.76288524,4.538438706,4,3,NonSynthetic
21.55558283,0.107405569,0.022765208,10.76288524,5.619351388,4,3,Synthetic
29.28025324,0.212637739,0.030038823,10.67410832,4.573584557,5,0,Synthetic
30.85238409,0.186393586,0.030038823,10.67410832,4.033128215,5,0,Synthetic
21.60959924,0.233117421,0.01467631,10.98317906,3.486818729,2,0,NonSynthetic
27.59666482,0.269450806,0.01467631,10.98317906,4.235046653,2,0,Synthetic
26.25005155,0.266998477,0.01467631,10.98317906,4.184544866,2,0,NonSynthetic
27.30470583,0.254545682,0.01467631,10.98317906,3.928099484,2,0,Mixture
20.96959734,0.016947948,0.022322623,10.76288524,4.605740723,4,4,NonSynthetic
22.91226194,0.016947948,0.022322623,10.76288524,4.605740723,4,4,NonSynthetic
25.66817097,0.057036554,0.022322623,10.76288524,5.431301421,4,4,Synthetic
29.22721804,0.016947948,0.022322623,10.76288524,4.605740723,4,4,Synthetic
21.14670251,0.063784133,0.027177908,10.67410832,4.605740723,5,3,NonSynthetic
23.08936711,0.063784133,0.027177908,10.67410832,4.605740723,5,3,NonSynthetic
25.29399076,0.10387274,0.027177908,10.67410832,5.431301421,5,3,Synthetic
29.76387829,0.063784133,0.027177908,10.67410832,4.605740723,5,3,Synthetic
20.94496088,0.015296285,0.022322623,10.76288524,4.605740723,4,4,NonSynthetic
22.88762548,0.015296285,0.022322623,10.76288524,4.605740723,4,4,NonSynthetic
24.69475817,0.055384891,0.022322623,10.76288524,5.431301421,4,4,Synthetic
23.76912364,0.015296285,0.022322623,10.76288524,4.605740723,4,4,Synthetic
19.25450925,0.073686223,0.027177908,10.67410832,6.068512098,5,3,Synthetic
20.95287219,0.05363286,0.027177908,10.67410832,5.655545175,5,3,NonSynthetic
18.59697484,0.001901631,0.027177908,10.67410832,4.606039443,5,3,NonSynthetic
21.74031116,0.020459049,0.027177908,10.67410832,4.988199787,5,3,Synthetic
20.04029115,0.040531978,0.027177908,10.67410832,5.401569637,5,3,NonSynthetic
18.64367124,0.065730814,0.028387073,10.67410832,4.606039443,5,1,NonSynthetic
21.78700755,0.084288233,0.028387073,10.67410832,4.988199787,5,1,Synthetic
20.78764655,0.104361162,0.028387073,10.67410832,5.401569637,5,1,NonSynthetic
18.70366178,0.009054071,0.027177908,10.67410832,4.606039443,5,3,NonSynthetic
21.8469981,0.02761149,0.027177908,10.67410832,4.988199787,5,3,Synthetic
20.14697809,0.047684419,0.027177908,10.67410832,5.401569637,5,3,NonSynthetic
18.20949558,0.056693117,0.01467631,10.98317906,4.608272054,2,0,NonSynthetic
17.79098057,0.006271421,0.006933623,11.13895031,4.608272054,1,0,NonSynthetic
21.3944324,-0.063296088,0.004072709,11.13895031,5.04471571,1,3,Synthetic
17.22116582,-0.138325515,0.003630124,11.13895031,4.48975562,1,4,NonSynthetic
18.08323695,0.005710181,0.003630124,11.13895031,5.361872664,1,4,Mixture
17.90796078,0.15979106,0.006933623,11.13895031,5.361872664,1,0,Mixture
20.98319169,-0.088987343,0.017756568,10.86365157,4.431187361,3,3,NonSynthetic
19.39344812,-0.045466338,0.017756568,10.86365157,5.327432811,3,3,Synthetic
18.52468797,0.077824053,0.01467631,10.98317906,4.608272054,2,0,NonSynthetic
21.5402311,-0.05352154,0.004072709,11.13895031,5.04471571,1,3,Synthetic
21.40864311,-0.062343382,0.004072709,11.13895031,5.04471571,1,3,Synthetic
18.89718095,0.052312556,0.023974373,10.76288524,4.441118172,4,1,NonSynthetic
19.33565555,0.052312556,0.023974373,10.76288524,4.441118172,4,1,NonSynthetic
18.7948112,0.03998582,0.023974373,10.76288524,4.423602503,4,1,NonSynthetic
19.15178801,0.03998582,0.023974373,10.76288524,4.423602503,4,1,NonSynthetic
18.61296377,-0.041907237,0.017756568,10.86365157,4.441118172,3,3,NonSynthetic
19.05143838,-0.041907237,0.017756568,10.86365157,4.441118172,3,3,NonSynthetic
19.08586419,0.155353191,0.025626122,10.76288524,4.660139027,4,0,NonSynthetic
22.43484795,0.217827856,0.020617482,10.86365157,3.304371334,3,0,NonSynthetic
23.45155948,0.230949932,0.020617482,10.86365157,3.574599505,3,0,Synthetic
21.63956327,0.244072009,0.020617482,10.86365157,3.844827675,3,0,Mixture
21.37721214,0.217827856,0.020617482,10.86365157,3.304371334,3,0,Mixture
20.94569586,0.29971888,0.020617482,10.86365157,3.150648867,3,0,NonSynthetic
22.16634157,0.31043301,0.020617482,10.86365157,3.371289244,3,0,Mixture
21.05053418,0.29971888,0.020617482,10.86365157,3.150648867,3,0,Mixture
20.56716308,0.29971888,0.020617482,10.86365157,3.150648867,3,0,Mixture
26.53930518,0.308804747,0.01467631,10.98317906,3.183508447,2,0,NonSynthetic
26.3120083,0.33153285,0.01467631,10.98317906,3.651557368,2,0,Mixture
21.62741179,0.308804747,0.01467631,10.98317906,3.183508447,2,0,Mixture
20.95865655,0.308804747,0.01467631,10.98317906,3.183508447,2,0,Mixture
25.93864962,0.291967605,0.020617482,10.86365157,3.167046816,3,0,NonSynthetic
27.25392101,0.302681736,0.020617482,10.86365157,3.387687193,3,0,Mixture
22.04601048,0.291967605,0.020617482,10.86365157,3.167046816,3,0,Mixture
22.04601048,0.291967605,0.020617482,10.86365157,3.167046816,3,0,Mixture
20.02422062,-0.001049798,0.027177908,10.67410832,4.187142635,5,3,NonSynthetic
18.1808259,-0.001049798,0.027177908,10.67410832,4.187142635,5,3,NonSynthetic
18.53780271,-0.001049798,0.027177908,10.67410832,4.187142635,5,3,NonSynthetic
22.46872067,0.093697087,0.01467631,10.98317906,4.514524717,2,0,Synthetic
20.11718605,0.091839262,0.01467631,10.98317906,4.514524717,2,0,Synthetic
21.25462559,-0.114047022,0.003630124,11.13895031,4.514524717,1,4,Synthetic
21.02700355,0.083497671,0.006933623,11.13895031,4.514524717,1,0,Synthetic
21.39117277,-0.02477439,0.011815395,10.98317906,4.706765752,2,3,Synthetic
22.19321293,0.092483879,0.006933623,11.13895031,4.6438032,1,0,Synthetic
21.97700917,0.038555598,0.01302456,10.98317906,4.768500254,2,1,Synthetic
21.48779389,0.114528627,0.01467631,10.98317906,4.6438032,2,0,Synthetic
21.42374838,-0.022590476,0.011815395,10.98317906,4.706765752,2,3,Synthetic
20.58679604,-0.025402657,0.011815395,10.98317906,4.483799481,2,3,Synthetic
20.63108981,0.05542585,0.018965733,10.86365157,4.483799481,3,1,Synthetic
21.68424599,-0.002265584,0.026735323,10.67410832,4.585018447,5,4,NonSynthetic
20.63523225,-0.028509737,0.026735323,10.67410832,4.044562106,5,4,NonSynthetic
21.65549462,0.03691672,0.027702896,10.67410832,4.562009658,5,2,NonSynthetic
20.44953173,0.011789856,0.027702896,10.67410832,4.044562106,5,2,NonSynthetic
22.15888438,0.112470652,0.028387073,10.67410832,4.585018447,5,1,NonSynthetic
21.10987063,0.086226499,0.028387073,10.67410832,4.044562106,5,1,NonSynthetic
22.80782386,0.215412513,0.030038823,10.67410832,4.464694526,5,0,NonSynthetic
21.39870474,0.192684409,0.030038823,10.67410832,3.996645605,5,0,NonSynthetic
23.45934881,0.137020592,0.01302456,10.98317906,4.332339052,2,1,NonSynthetic
20.01499977,0.188403757,0.01302456,10.98317906,5.39049313,2,1,Synthetic
22.44185933,0.159748695,0.01302456,10.98317906,4.800387974,2,1,NonSynthetic
21.28959844,0.137020592,0.01302456,10.98317906,4.332339052,2,1,NonSynthetic
21.78442866,0.027964508,0.022765208,10.76288524,4.548749685,4,3,NonSynthetic
21.38838744,-0.000382417,0.022765208,10.76288524,3.964990117,4,3,NonSynthetic
22.29938042,0.053729983,0.027177908,10.67410832,4.562009658,5,3,NonSynthetic
21.28409285,0.02860312,0.027177908,10.67410832,4.044562106,5,3,NonSynthetic
23.12938355,0.08467572,0.027177908,10.67410832,4.43792636,5,3,NonSynthetic
21.8008533,0.063247459,0.027177908,10.67410832,3.996645605,5,3,NonSynthetic
19.53250752,0.019182221,0.027177908,10.67410832,4.091499628,5,3,NonSynthetic
22.24772434,0.055134264,0.018965733,10.86365157,4.352063906,3,1,NonSynthetic
18.44400633,0.107622571,0.018965733,10.86365157,5.432976588,3,1,Synthetic
20.96446266,0.077862368,0.018965733,10.86365157,4.820112827,3,1,NonSynthetic
19.81220177,0.055134264,0.018965733,10.86365157,4.352063906,3,1,NonSynthetic
19.00766892,0.100963807,0.018965733,10.86365157,5.698153593,3,1,Synthetic
21.57419228,0.070659669,0.018965733,10.86365157,5.074088364,3,1,NonSynthetic
20.35574848,0.047931566,0.018965733,10.86365157,4.606039443,3,1,NonSynthetic
22.76985563,0.072525713,0.022765208,10.76288524,4.562009658,4,3,NonSynthetic
21.56389274,0.04739885,0.022765208,10.76288524,4.044562106,4,3,NonSynthetic
22.08530749,-0.027358498,0.004072709,11.13895031,4.514093157,1,3,NonSynthetic
21.20384084,-0.052485362,0.004072709,11.13895031,3.996645605,1,3,NonSynthetic
19.55928857,0.024329002,0.005281873,11.13895031,4.106761353,1,1,NonSynthetic
22.24419271,0.071533311,0.027177908,10.67410832,4.548749685,5,3,NonSynthetic
21.77549513,0.043186386,0.027177908,10.67410832,3.964990117,5,3,NonSynthetic
22.66758566,0.01167824,0.004072709,11.13895031,4.514093157,1,3,NonSynthetic
21.78611901,-0.013448624,0.004072709,11.13895031,3.996645605,1,3,NonSynthetic
21.24503882,0.066476895,0.027177908,10.67410832,5.173626062,5,3,NonSynthetic
22.60922588,0.190904397,0.020617482,10.86365157,4.514093157,3,0,NonSynthetic
21.79695274,0.165777533,0.020617482,10.86365157,3.996645605,3,0,NonSynthetic
19.48429515,0.243045779,0.030038823,10.67410832,5.698153593,5,0,Synthetic
21.84766227,0.215140401,0.030038823,10.67410832,5.123486995,5,0,NonSynthetic
21.03538913,0.190013537,0.030038823,10.67410832,4.606039443,5,0,NonSynthetic
22.96611359,0.069664484,0.022765208,10.76288524,4.464694526,4,3,NonSynthetic
21.74766979,0.04693638,0.022765208,10.76288524,3.996645605,4,3,NonSynthetic
22.96353559,0.09812906,0.023974373,10.76288524,4.815985195,4,1,NonSynthetic
20.71861368,0.093829443,0.027177908,10.67410832,4.030955615,5,3,NonSynthetic
23.16507008,0.111767022,0.027177908,10.67410832,4.562009658,5,3,NonSynthetic
22.08496463,0.086640158,0.027177908,10.67410832,4.044562106,5,3,NonSynthetic
23.0236474,0.162984441,0.028387073,10.67410832,4.514093157,5,1,NonSynthetic
22.14218075,0.137857577,0.028387073,10.67410832,3.996645605,5,1,NonSynthetic
22.51220454,-0.030917786,0.026735323,10.67410832,4.665888429,5,4,NonSynthetic
18.48269236,0.024236578,0.026735323,10.67410832,5.801704289,5,4,Synthetic
21.22894286,-0.008189682,0.026735323,10.67410832,5.13393735,5,4,NonSynthetic
22.4883341,0.133313544,0.030038823,10.67410832,4.665888429,5,0,NonSynthetic
18.45882192,0.188467908,0.030038823,10.67410832,5.801704289,5,0,Synthetic
21.20507242,0.156041648,0.030038823,10.67410832,5.13393735,5,0,NonSynthetic
22.43190087,-0.014084228,0.027177908,10.67410832,4.665888429,5,3,NonSynthetic
18.4023887,0.041070135,0.027177908,10.67410832,5.801704289,5,3,Synthetic
21.1486392,0.008643875,0.027177908,10.67410832,5.13393735,5,3,NonSynthetic
22.4555986,0.037626437,0.027177908,10.67410832,4.786982271,5,3,NonSynthetic
22.74204747,0.105949974,0.01467631,10.98317906,4.606039443,2,0,NonSynthetic
18.93832946,0.158438281,0.01467631,10.98317906,5.686952126,2,0,Synthetic
21.25562956,0.131076838,0.01467631,10.98317906,5.123486995,2,0,NonSynthetic
18.55891019,-0.025097488,0.026735323,10.67410832,4.202531606,5,4,NonSynthetic
18.78919082,-0.025097488,0.026735323,10.67410832,4.202531606,5,4,NonSynthetic
17.35764557,0.116032315,0.030038823,10.67410832,4.423602503,5,0,NonSynthetic
19.41558955,0.116032315,0.030038823,10.67410832,4.423602503,5,0,NonSynthetic
24.51938473,0.053732542,0.023290196,10.76288524,3.283346055,4,2,NonSynthetic
24.32572517,0.053732542,0.023290196,10.76288524,3.283346055,4,2,NonSynthetic
24.19335191,0.053732542,0.023290196,10.76288524,3.283346055,4,2,NonSynthetic
24.63182652,0.078859405,0.023290196,10.76288524,3.800793607,4,2,Synthetic
24.44644238,0.053732542,0.023290196,10.76288524,3.283346055,4,2,Synthetic
22.43216672,0.180260084,0.025626122,10.76288524,3.767609554,4,0,NonSynthetic
21.60307211,0.180260084,0.025626122,10.76288524,3.767609554,4,0,NonSynthetic
25.19376438,0.180260084,0.025626122,10.76288524,3.767609554,4,0,NonSynthetic
24.53545362,0.217374921,0.025626122,10.76288524,4.531930241,4,0,Synthetic
21.48815094,0.075004756,0.018965733,10.86365157,3.767609554,3,1,NonSynthetic
20.87231369,0.075004756,0.018965733,10.86365157,3.767609554,3,1,NonSynthetic
20.70072102,0.075004756,0.018965733,10.86365157,3.767609554,3,1,NonSynthetic
20.04241026,0.112119593,0.018965733,10.86365157,4.531930241,3,1,Synthetic
20.33751348,0.004111695,0.011815395,10.98317906,4.21912286,2,3,NonSynthetic
21.96067749,0.004111695,0.011815395,10.98317906,4.21912286,2,3,NonSynthetic
19.39453755,0.00502683,0.017756568,10.86365157,4.202531606,3,3,NonSynthetic
20.17945933,0.00502683,0.017756568,10.86365157,4.202531606,3,3,NonSynthetic
24.99193366,0.22693806,0.01467631,10.98317906,4.465619436,2,0,Mixture
24.99193366,0.22693806,0.01467631,10.98317906,4.465619436,2,0,NonSynthetic
26.87392332,0.230998044,0.01467631,10.98317906,4.549228323,2,0,Synthetic
24.86467,0.302868619,0.006933623,11.13895031,4.140437453,1,0,Mixture
24.34720702,0.277741756,0.006933623,11.13895031,3.622989902,1,0,Mixture
27.56867614,0.277741756,0.006933623,11.13895031,3.622989902,1,0,Mixture
29.38723536,0.548729401,0.020617482,10.86365157,4.21520362,3,0,Synthetic
28.43931927,0.559921888,0.020617482,10.86365157,4.445694984,3,0,Mixture
30.46567119,0.528685098,0.020617482,10.86365157,3.802423271,3,0,Mixture
20.31096163,-0.044991616,0.01137281,10.98317906,4.202531606,2,4,NonSynthetic
20.14520104,-0.044991616,0.01137281,10.98317906,4.202531606,2,4,NonSynthetic
25.94628194,0.503192482,0.020617482,10.86365157,4.111747823,3,0,Mixture
25.57453404,0.479234957,0.020617482,10.86365157,3.618380941,3,0,Mixture
26.38878185,0.479234957,0.020617482,10.86365157,3.618380941,3,0,Mixture
20.42168138,0.022572628,0.011815395,10.98317906,3.683647629,2,3,NonSynthetic
20.91950598,0.022572628,0.011815395,10.98317906,3.683647629,2,3,NonSynthetic
21.25158481,0.049888409,0.011815395,10.98317906,4.246172424,2,3,Synthetic
19.45038574,-0.030753296,0.004072709,11.13895031,4.21912286,1,3,NonSynthetic
19.36888793,-0.030753296,0.004072709,11.13895031,4.21912286,1,3,NonSynthetic
20.78424275,0.160510022,0.006933623,11.13895031,3.444736176,1,0,NonSynthetic
20.49982473,0.160510022,0.006933623,11.13895031,3.444736176,1,0,NonSynthetic
20.7946937,0.160510022,0.006933623,11.13895031,3.444736176,1,0,NonSynthetic
21.41119055,0.184467547,0.006933623,11.13895031,3.938103059,1,0,Mixture
24.27363503,0.219645913,0.030038823,10.67410832,4.002963475,5,0,NonSynthetic
24.17460115,0.244772776,0.030038823,10.67410832,4.520411027,5,0,Synthetic
23.50584591,0.252669081,0.030038823,10.67410832,4.683022791,5,0,NonSynthetic
23.90188713,0.247992838,0.030038823,10.67410832,4.586723043,5,0,Synthetic
24.28729055,0.110086768,0.026735323,10.67410832,3.584139263,5,4,NonSynthetic
25.03304374,0.125238837,0.026735323,10.67410832,3.896171877,5,4,Synthetic
29.56112265,0.148717116,0.026735323,10.67410832,4.379669457,5,4,Mixture
30.9079183,0.132814872,0.026735323,10.67410832,4.052188184,5,4,NonSynthetic
26.87974396,0.143109937,0.026735323,10.67410832,4.264198579,5,4,Synthetic
21.18897792,0.183557434,0.006933623,11.13895031,4.284463169,1,0,NonSynthetic
21.93454458,0.183557434,0.006933623,11.13895031,4.284463169,1,0,NonSynthetic
21.54085483,0.222923663,0.006933623,11.13895031,5.09514768,1,0,Synthetic
19.73105949,0.137141599,0.006933623,11.13895031,4.547880715,1,0,NonSynthetic
19.25282334,0.137141599,0.006933623,11.13895031,4.547880715,1,0,NonSynthetic
19.36818986,0.135178182,0.01467631,10.98317906,4.547880715,2,0,NonSynthetic
18.03182519,0.135178182,0.01467631,10.98317906,4.547880715,2,0,NonSynthetic
22.39892446,0.03684477,0.011815395,10.98317906,4.107300442,2,3,NonSynthetic
22.97305402,0.063088924,0.011815395,10.98317906,4.647756783,2,3,Synthetic
22.26830107,0.068987162,0.011815395,10.98317906,4.769221574,2,3,NonSynthetic
28.24722526,0.247498285,0.020617482,10.86365157,4.279514009,3,0,Synthetic
28.33455513,0.24646714,0.020617482,10.86365157,4.258279236,3,0,NonSynthetic
26.30331284,0.262672364,0.020617482,10.86365157,4.591999891,3,0,Synthetic
27.96018652,0.243108884,0.020617482,10.86365157,4.189121324,3,0,Mixture
23.78854953,0.213772562,0.020617482,10.86365157,4.67757804,3,0,NonSynthetic
24.90465677,0.096741809,0.026735323,10.67410832,3.695754441,5,4,NonSynthetic
26.01897822,0.120699333,0.026735323,10.67410832,4.189121324,5,4,Mixture
23.20480396,0.139598332,0.026735323,10.67410832,4.578315951,5,4,Synthetic
25.13682046,0.096741809,0.026735323,10.67410832,3.695754441,5,4,Synthetic
20.97708114,0.134468362,0.027177908,10.67410832,4.401114188,5,3,NonSynthetic
22.57767841,0.158425886,0.027177908,10.67410832,4.89448107,5,3,Mixture
23.65502902,0.081579334,0.022322623,10.76288524,3.695754441,4,4,NonSynthetic
24.76935047,0.105536858,0.022322623,10.76288524,4.189121324,4,4,Mixture
23.60791752,0.125100338,0.022322623,10.76288524,4.591999891,4,4,Synthetic
25.72213791,0.081579334,0.022322623,10.76288524,3.695754441,4,4,Synthetic
18.23662368,0.204788776,0.027177908,10.67410832,5.222245859,5,3,Mixture
20.91323348,0.151756535,0.027177908,10.67410832,4.13013171,5,3,Mixture
22.08640871,0.15933257,0.027177908,10.67410832,4.286148017,5,3,NonSynthetic
21.40386975,0.136569653,0.027177908,10.67410832,3.553766339,5,3,Mixture
22.57704498,0.144145688,0.027177908,10.67410832,3.709782646,5,3,NonSynthetic
18.09214639,0.25580141,0.028387073,10.67410832,5.222245859,5,1,Mixture
20.7687562,0.202769169,0.028387073,10.67410832,4.13013171,5,1,Mixture
21.94193143,0.210345204,0.028387073,10.67410832,4.286148017,5,1,NonSynthetic
21.993058,0.176069652,0.027177908,10.67410832,3.553766339,5,3,Mixture
23.16623323,0.183645687,0.027177908,10.67410832,3.709782646,5,3,NonSynthetic
18.1468536,0.170572122,0.026735323,10.67410832,5.643143837,5,4,Mixture
21.0301019,0.111401401,0.026735323,10.67410832,4.424617526,5,4,Mixture
22.51651981,0.118977435,0.026735323,10.67410832,4.580633833,5,4,NonSynthetic
19.52325999,0.210176367,0.026735323,10.67410832,5.643143837,5,4,Mixture
22.40650829,0.151005646,0.026735323,10.67410832,4.424617526,5,4,Mixture
23.8929262,0.158581681,0.026735323,10.67410832,4.580633833,5,4,NonSynthetic
20.49307787,0.227943836,0.027177908,10.67410832,3.1845543,5,3,NonSynthetic
18.20922382,0.227943836,0.027177908,10.67410832,3.1845543,5,3,NonSynthetic
19.20365232,0.256290761,0.027177908,10.67410832,3.768313868,5,3,Mixture
19.47636634,0.227943836,0.027177908,10.67410832,3.1845543,5,3,Mixture
20.96278425,0.23551987,0.027177908,10.67410832,3.340570607,5,3,NonSynthetic
19.90681945,0.247988139,0.027177908,10.67410832,3.597334649,5,3,Mixture
22.42122508,0.156694749,0.027177908,10.67410832,3.807741876,5,3,Mixture
21.31151088,-0.074965815,0.004072709,11.13895031,4.484443997,1,3,NonSynthetic
21.15582514,-0.042823423,0.004072709,11.13895031,5.146365129,1,3,Synthetic
19.7814003,0.004560977,0.004072709,11.13895031,5.281154332,1,3,Mixture
20.55549686,-0.127557956,0.003630124,11.13895031,4.538438706,1,4,NonSynthetic
21.02419443,-0.099211031,0.003630124,11.13895031,5.122198274,1,4,Synthetic
20.98153545,-0.098995737,0.003630124,11.13895031,4.538438706,1,4,NonSynthetic
21.45023302,-0.070648811,0.003630124,11.13895031,5.122198274,1,4,Synthetic
20.66181445,0.04540136,0.006933623,11.13895031,4.538438706,1,0,NonSynthetic
21.13051202,0.073748286,0.006933623,11.13895031,5.122198274,1,0,Synthetic
29.29208895,0.661119174,0.027177908,10.67410832,4.460616129,5,3,NonSynthetic
28.88073874,0.698999347,0.027177908,10.67410832,5.240697664,5,3,Synthetic
24.85174368,0.661119174,0.027177908,10.67410832,4.460616129,5,3,Synthetic
20.15131741,0.029360735,0.004072709,11.13895031,5.281154332,1,3,Mixture
21.12941006,-0.026475515,0.005281873,11.13895031,4.484443997,1,1,NonSynthetic
20.97372432,0.005666877,0.005281873,11.13895031,5.146365129,1,1,Synthetic
19.91833283,0.013741124,0.004072709,11.13895031,5.281154332,1,3,Mixture
18.89609677,0.092918301,0.020617482,10.86365157,4.765943691,3,0,NonSynthetic
18.77010861,-0.057252932,0.018281555,10.86365157,4.303084784,3,2,NonSynthetic
19.49072781,-0.057252932,0.018281555,10.86365157,4.303084784,3,2,NonSynthetic
19.62323739,0.069453569,0.023974373,10.76288524,4.337154362,4,1,NonSynthetic
20.49514886,0.069453569,0.023974373,10.76288524,4.337154362,4,1,NonSynthetic
18.7411775,0.070037784,0.028387073,10.67410832,4.337154362,5,1,NonSynthetic
19.72317541,0.070037784,0.028387073,10.67410832,4.337154362,5,1,NonSynthetic
18.53037704,-0.004793164,0.027177908,10.67410832,4.337154362,5,3,NonSynthetic
19.40228851,-0.004793164,0.027177908,10.67410832,4.337154362,5,3,NonSynthetic
26.6454893,0.422272038,0.025626122,10.76288524,3.135949491,4,0,NonSynthetic
26.33224662,0.447398902,0.025626122,10.76288524,3.653397043,4,0,Mixture
26.6454893,0.443700299,0.025626122,10.76288524,3.577230246,4,0,NonSynthetic
26.23762095,0.448516191,0.025626122,10.76288524,3.676405833,4,0,Mixture
25.56901284,0.422272038,0.025626122,10.76288524,3.135949491,4,0,Mixture
27.23154961,0.342273912,0.025626122,10.76288524,3.080681727,4,0,NonSynthetic
26.91830694,0.367400775,0.025626122,10.76288524,3.598129279,4,0,Mixture
27.23154961,0.363702173,0.025626122,10.76288524,3.521962482,4,0,NonSynthetic
26.82368126,0.368518065,0.025626122,10.76288524,3.621138068,4,0,Mixture
25.35640873,0.342273912,0.025626122,10.76288524,3.080681727,4,0,Mixture
23.58297993,0.344295968,0.01467631,10.98317906,3.080681727,2,0,NonSynthetic
23.47885758,0.368253493,0.01467631,10.98317906,3.574048609,2,0,Mixture
23.69306638,0.36572423,0.01467631,10.98317906,3.521962482,2,0,NonSynthetic
25.01547322,0.371611749,0.01467631,10.98317906,3.643206522,2,0,Mixture
25.75723795,0.344295968,0.01467631,10.98317906,3.080681727,2,0,Mixture
24.6958053,0.319336863,0.025626122,10.76288524,3.080681727,4,0,NonSynthetic
24.38256262,0.344463726,0.025626122,10.76288524,3.598129279,4,0,Mixture
24.6958053,0.340765124,0.025626122,10.76288524,3.521962482,4,0,NonSynthetic
24.28793694,0.345581016,0.025626122,10.76288524,3.621138068,4,0,Mixture
26.18341614,0.319336863,0.025626122,10.76288524,3.080681727,4,0,Mixture
19.44846214,-0.027986059,0.017756568,10.86365157,4.337154362,3,3,NonSynthetic
20.32037361,-0.027986059,0.017756568,10.86365157,4.337154362,3,3,NonSynthetic
21.67774838,0.224322807,0.020617482,10.86365157,4.028889223,3,0,Mixture
19.93891634,0.194980951,0.020617482,10.86365157,3.424640664,3,0,Mixture
19.13522967,0.223232931,0.020617482,10.86365157,4.028889223,3,0,Mixture
19.92265959,0.193891076,0.020617482,10.86365157,3.424640664,3,0,Mixture
19.30874454,0.035818937,0.017313983,10.86365157,4.028889223,3,4,Mixture
19.60073373,0.006477082,0.017313983,10.86365157,3.424640664,3,4,Mixture
20.19514412,0.236760941,0.020617482,10.86365157,4.028889223,3,0,Mixture
20.12444552,0.207419086,0.020617482,10.86365157,3.424640664,3,0,Mixture
19.08764846,0.062427027,0.017756568,10.86365157,4.575246221,3,3,Mixture
19.05875823,0.204104597,0.020617482,10.86365157,4.575246221,3,0,Mixture
21.08913004,0.042095753,0.027177908,10.67410832,4.712570739,5,3,Synthetic
17.35234278,-0.024161037,0.022322623,10.76288524,4.60238487,4,4,NonSynthetic
17.21205475,0.038734544,0.012340383,10.98317906,4.183560658,2,2,NonSynthetic
17.6235703,0.083554968,0.012340383,10.98317906,5.106565578,2,2,Mixture
17.86965226,0.10618151,0.028387073,10.67410832,4.60238487,5,1,NonSynthetic
18.5191328,0.222621745,0.030038823,10.67410832,4.565962862,5,0,NonSynthetic
18.29147031,0.037037928,0.022765208,10.76288524,4.49413543,4,3,NonSynthetic
18.48027843,0.131759491,0.027177908,10.67410832,4.14713865,5,3,NonSynthetic
18.68852314,0.177215698,0.027177908,10.67410832,5.083236493,5,3,Mixture
17.9795684,0.058749399,0.018965733,10.86365157,4.49413543,3,1,NonSynthetic
18.18566796,0.110461369,0.028387073,10.67410832,4.565962862,5,1,NonSynthetic
19.85524051,0.083205487,0.017756568,10.86365157,4.476383581,3,3,NonSynthetic
18.14767671,0.080701915,0.018965733,10.86365157,4.547880715,3,1,NonSynthetic
18.59561483,0.070173781,0.027177908,10.67410832,4.511968153,5,3,NonSynthetic
18.65993103,0.166455429,0.01467631,10.98317906,4.49413543,2,0,NonSynthetic
18.93808279,0.052320541,0.011815395,10.98317906,4.511968153,2,3,NonSynthetic
18.84869679,0.084662704,0.005281873,11.13895031,4.511968153,1,1,NonSynthetic
17.32443583,0.020169117,0.017756568,10.86365157,4.093143942,3,3,NonSynthetic
17.48377472,0.064989542,0.017756568,10.86365157,5.016148862,3,3,Mixture
21.77872918,0.110787888,0.01467631,10.98317906,4.469642851,2,0,NonSynthetic
19.74175174,0.035291751,0.011815395,10.98317906,3.932030008,2,3,NonSynthetic
18.59811232,0.035291751,0.011815395,10.98317906,3.932030008,2,3,NonSynthetic
19.38477493,0.035291751,0.011815395,10.98317906,3.932030008,2,3,NonSynthetic
22.8929894,0.362743949,0.006933623,11.13895031,4.090180498,1,0,Mixture
25.07071303,0.321945755,0.006933623,11.13895031,3.250006972,1,0,Mixture
24.97167915,0.321945755,0.006933623,11.13895031,3.250006972,1,0,Mixture
25.28492183,0.343374017,0.006933623,11.13895031,3.691287726,1,0,NonSynthetic
19.3444552,0.081783442,0.01302456,10.98317906,3.948556069,2,1,NonSynthetic
19.01237637,0.081783442,0.01302456,10.98317906,3.948556069,2,1,NonSynthetic
19.55757305,0.081783442,0.01302456,10.98317906,3.948556069,2,1,NonSynthetic
26.32233361,0.28641356,0.017756568,10.86365157,3.06215347,3,3,NonSynthetic
26.05998248,0.315755415,0.017756568,10.86365157,3.666402029,3,3,Mixture
25.25440248,0.307841821,0.017756568,10.86365157,3.503434225,3,3,NonSynthetic
26.16180552,0.28641356,0.017756568,10.86365157,3.06215347,3,3,NonSynthetic
24.66844578,0.314760485,0.017756568,10.86365157,3.645913038,3,3,Synthetic
25.78594687,0.301565629,0.017756568,10.86365157,3.374186084,3,3,NonSynthetic
21.7219955,0.176365782,0.027177908,10.67410832,3.364883183,5,3,NonSynthetic
21.37814657,0.20666992,0.027177908,10.67410832,3.988948411,5,3,Mixture
21.05858343,0.176365782,0.027177908,10.67410832,3.364883183,5,3,Mixture
20.22787778,0.207602572,0.027177908,10.67410832,4.008154896,5,3,NonSynthetic
25.64133876,0.305278666,0.006933623,11.13895031,2.996031434,1,0,NonSynthetic
25.55707597,0.334620521,0.006933623,11.13895031,3.600279993,1,0,Mixture
25.18248263,0.305278666,0.006933623,11.13895031,2.996031434,1,0,Mixture
25.48026454,0.305278666,0.006933623,11.13895031,2.996031434,1,0,Mixture
25.97042689,0.322219194,0.006933623,11.13895031,3.344894503,1,0,NonSynthetic
25.65763782,0.31442957,0.006933623,11.13895031,4.509004709,1,0,Mixture
25.38050397,0.273631375,0.006933623,11.13895031,3.668831183,1,0,Mixture
25.20241563,0.301978301,0.006933623,11.13895031,4.252590751,1,0,NonSynthetic
18.74535446,0.095751856,0.017313983,10.86365157,4.625859346,3,4,Mixture
19.82711284,0.082979031,0.017313983,10.86365157,4.362823443,3,4,NonSynthetic
19.91787131,0.05566325,0.017313983,10.86365157,3.800298648,3,4,NonSynthetic
26.03905098,0.406397801,0.020617482,10.86365157,4.042186459,3,0,Mixture
24.4551131,0.366309195,0.020617482,10.86365157,3.216625762,3,0,Mixture
23.81348226,0.366309195,0.020617482,10.86365157,3.216625762,3,0,Mixture
25.2686684,0.379431271,0.020617482,10.86365157,3.486853932,3,0,NonSynthetic
20.91849074,0.070901754,0.017756568,10.86365157,4.479307945,3,3,NonSynthetic
21.16323969,0.039664964,0.017756568,10.86365157,3.836036232,3,3,NonSynthetic
21.1191213,0.039664964,0.017756568,10.86365157,3.836036232,3,3,NonSynthetic
21.33723409,0.039664964,0.017756568,10.86365157,3.836036232,3,3,NonSynthetic
18.87184021,0.131125205,0.027177908,10.67410832,3.27575632,5,3,NonSynthetic
18.52799128,0.161429342,0.027177908,10.67410832,3.899821548,5,3,Mixture
19.98317742,0.144247281,0.027177908,10.67410832,3.545984491,5,3,NonSynthetic
19.16962212,0.131125205,0.027177908,10.67410832,3.27575632,5,3,NonSynthetic
18.87184021,0.131125205,0.027177908,10.67410832,3.27575632,5,3,NonSynthetic
22.19440992,0.353966691,0.020617482,10.86365157,2.962650224,3,0,NonSynthetic
21.86233109,0.385203481,0.020617482,10.86365157,3.605921938,3,0,Mixture
21.75837417,0.353966691,0.020617482,10.86365157,2.962650224,3,0,Mixture
21.32792106,0.353966691,0.020617482,10.86365157,2.962650224,3,0,Mixture
21.64116374,0.375394952,0.020617482,10.86365157,3.403930979,3,0,NonSynthetic
21.1991843,0.18417922,0.018965733,10.86365157,3.869160921,3,1,Mixture
22.42432012,0.151156051,0.018965733,10.86365157,3.189101605,3,1,Mixture
20.72430012,0.151156051,0.018965733,10.86365157,3.189101605,3,1,Mixture
22.71272661,0.16630812,0.018965733,10.86365157,3.501134219,3,1,Synthetic
21.30878515,0.130828421,0.017756568,10.86365157,3.869160921,3,3,Mixture
22.53392098,0.097805253,0.017756568,10.86365157,3.189101605,3,3,Mixture
20.83390097,0.097805253,0.017756568,10.86365157,3.189101605,3,3,Mixture
22.82232746,0.112957322,0.017756568,10.86365157,3.501134219,3,3,Synthetic
21.30345426,0.108253804,0.017313983,10.86365157,3.869160921,3,4,Mixture
22.52859009,0.075230635,0.017313983,10.86365157,3.189101605,3,4,Mixture
20.82857008,0.075230635,0.017313983,10.86365157,3.189101605,3,4,Mixture
22.81699657,0.090382704,0.017313983,10.86365157,3.501134219,3,4,Synthetic
21.93788084,0.150786644,0.017313983,10.86365157,3.869160921,3,4,Mixture
23.16301667,0.117763476,0.017313983,10.86365157,3.189101605,3,4,Mixture
21.46299666,0.117763476,0.017313983,10.86365157,3.189101605,3,4,Mixture
23.45142315,0.132915545,0.017313983,10.86365157,3.501134219,3,4,Synthetic
21.43258781,0.165482059,0.018281555,10.86365157,3.869160921,3,2,Mixture
22.65772364,0.13245889,0.018281555,10.86365157,3.189101605,3,2,Mixture
20.95770363,0.13245889,0.018281555,10.86365157,3.189101605,3,2,Mixture
22.94613012,0.147610959,0.018281555,10.86365157,3.501134219,3,2,Synthetic
21.58850431,0.276035194,0.01467631,10.98317906,3.869160921,2,0,Mixture
22.81364014,0.243012025,0.01467631,10.98317906,3.189101605,2,0,Mixture
21.11362013,0.243012025,0.01467631,10.98317906,3.189101605,2,0,Mixture
23.10204662,0.258164094,0.01467631,10.98317906,3.501134219,2,0,Synthetic
21.91387596,0.232093142,0.018965733,10.86365157,3.869160921,3,1,Mixture
23.13901178,0.199069973,0.018965733,10.86365157,3.189101605,3,1,Mixture
21.43899178,0.199069973,0.018965733,10.86365157,3.189101605,3,1,Mixture
23.42741827,0.214222042,0.018965733,10.86365157,3.501134219,3,1,Synthetic
22.38682399,0.246639837,0.01302456,10.98317906,3.869160921,2,1,Mixture
23.61195982,0.213616668,0.01302456,10.98317906,3.189101605,2,1,Mixture
21.91193981,0.213616668,0.01302456,10.98317906,3.189101605,2,1,Mixture
23.9003663,0.228768737,0.01302456,10.98317906,3.501134219,2,1,Synthetic
21.65905065,0.13209348,0.017313983,10.86365157,3.869160921,3,4,Mixture
22.88418647,0.099070312,0.017313983,10.86365157,3.189101605,3,4,Mixture
21.18416646,0.099070312,0.017313983,10.86365157,3.189101605,3,4,Mixture
23.17259295,0.114222381,0.017313983,10.86365157,3.501134219,3,4,Synthetic
21.61179801,0.143392484,0.022322623,10.76288524,3.869160921,4,4,Mixture
22.83693384,0.110369315,0.022322623,10.76288524,3.189101605,4,4,Mixture
21.13691383,0.110369315,0.022322623,10.76288524,3.189101605,4,4,Mixture
23.12534032,0.125521384,0.022322623,10.76288524,3.501134219,4,4,Synthetic
22.39769432,0.316239802,0.01302456,10.98317906,3.90106978,2,1,Mixture
23.62283014,0.283216633,0.01302456,10.98317906,3.221010464,2,1,Mixture
21.92281013,0.283216633,0.01302456,10.98317906,3.221010464,2,1,Mixture
23.91123662,0.298368702,0.01302456,10.98317906,3.533043078,2,1,Synthetic
21.55575484,0.242610552,0.018281555,10.86365157,3.90106978,3,2,Mixture
22.78089066,0.209587383,0.018281555,10.86365157,3.221010464,3,2,Mixture
21.08087066,0.209587383,0.018281555,10.86365157,3.221010464,3,2,Mixture
23.06929715,0.224739452,0.018281555,10.86365157,3.533043078,3,2,Synthetic
21.71261666,0.13568462,0.017313983,10.86365157,3.869160921,3,4,Mixture
23.43319322,0.102661452,0.017313983,10.86365157,3.189101605,3,4,Mixture
21.73317321,0.102661452,0.017313983,10.86365157,3.189101605,3,4,Mixture
23.7215997,0.11781352,0.017313983,10.86365157,3.501134219,3,4,Synthetic
22.01023709,0.19232162,0.022765208,10.76288524,3.869160921,4,3,Mixture
23.23537291,0.159298451,0.022765208,10.76288524,3.189101605,4,3,Mixture
21.5353529,0.159298451,0.022765208,10.76288524,3.189101605,4,3,Mixture
23.52377939,0.17445052,0.022765208,10.76288524,3.501134219,4,3,Synthetic
22.65304024,0.220949151,0.017756568,10.86365157,3.869160921,3,3,Mixture
23.87817607,0.187925983,0.017756568,10.86365157,3.189101605,3,3,Mixture
22.17815606,0.187925983,0.017756568,10.86365157,3.189101605,3,3,Mixture
24.16658255,0.203078052,0.017756568,10.86365157,3.501134219,3,3,Synthetic
22.27779911,0.239330657,0.01302456,10.98317906,3.869160921,2,1,Mixture
23.50293494,0.206307488,0.01302456,10.98317906,3.189101605,2,1,Mixture
21.80291493,0.206307488,0.01302456,10.98317906,3.189101605,2,1,Mixture
23.79134142,0.221459557,0.01302456,10.98317906,3.501134219,2,1,Synthetic
22.35649916,0.288979685,0.028387073,10.67410832,3.869160921,5,1,Mixture
23.58163499,0.255956517,0.028387073,10.67410832,3.189101605,5,1,Mixture
21.88161498,0.255956517,0.028387073,10.67410832,3.189101605,5,1,Mixture
23.87004147,0.271108586,0.028387073,10.67410832,3.501134219,5,1,Synthetic
22.2712058,0.2832615,0.028387073,10.67410832,3.869160921,5,1,Mixture
23.49634163,0.250238331,0.028387073,10.67410832,3.189101605,5,1,Mixture
21.79632162,0.250238331,0.028387073,10.67410832,3.189101605,5,1,Mixture
23.78474811,0.2653904,0.028387073,10.67410832,3.501134219,5,1,Synthetic
21.66837789,0.15993126,0.026735323,10.67410832,3.869160921,5,4,Mixture
22.89351371,0.126908091,0.026735323,10.67410832,3.189101605,5,4,Mixture
21.19349371,0.126908091,0.026735323,10.67410832,3.189101605,5,4,Mixture
23.1819202,0.14206016,0.026735323,10.67410832,3.501134219,5,4,Synthetic
21.84025483,0.166458888,0.017756568,10.86365157,3.869160921,3,3,Mixture
23.06539066,0.133435719,0.017756568,10.86365157,3.189101605,3,3,Mixture
21.36537065,0.133435719,0.017756568,10.86365157,3.189101605,3,3,Mixture
23.35379714,0.148587788,0.017756568,10.86365157,3.501134219,3,3,Synthetic
22.02793892,0.17904149,0.017756568,10.86365157,3.869160921,3,3,Mixture
23.25307475,0.146018321,0.017756568,10.86365157,3.189101605,3,3,Mixture
21.55305474,0.146018321,0.017756568,10.86365157,3.189101605,3,3,Mixture
23.54148123,0.16117039,0.017756568,10.86365157,3.501134219,3,3,Synthetic
31.56265042,0.095069327,0.028387073,10.67410832,3.28430264,5,1,Synthetic
31.26486852,0.095069327,0.028387073,10.67410832,3.28430264,5,1,Synthetic
31.67273687,0.095069327,0.028387073,10.67410832,3.28430264,5,1,Synthetic
31.26486852,0.095069327,0.028387073,10.67410832,3.28430264,5,1,Synthetic
22.74951599,0.248410401,0.020617482,10.86365157,2.864521843,3,0,NonSynthetic
23.30589657,0.248410401,0.020617482,10.86365157,2.864521843,3,0,NonSynthetic
22.95267222,0.271138504,0.020617482,10.86365157,3.332570764,3,0,Synthetic
22.84854987,0.272367925,0.020617482,10.86365157,3.357888726,3,0,NonSynthetic
22.23205301,0.248410401,0.020617482,10.86365157,2.864521843,3,0,NonSynthetic
23.1799691,0.268454704,0.020617482,10.86365157,3.277302192,3,0,Mixture
24.23593389,0.255986435,0.020617482,10.86365157,3.02053815,3,0,Synthetic
22.74888926,0.179935338,0.017313983,10.86365157,2.909647784,3,4,NonSynthetic
23.30526985,0.179935338,0.017313983,10.86365157,2.909647784,3,4,NonSynthetic
22.95204549,0.202663441,0.017313983,10.86365157,3.377696705,3,4,Synthetic
24.89067761,0.203892862,0.017313983,10.86365157,3.403014666,3,4,NonSynthetic
24.27418075,0.179935338,0.017313983,10.86365157,2.909647784,3,4,NonSynthetic
25.22209684,0.199979641,0.017313983,10.86365157,3.322428133,3,4,Mixture
26.27806164,0.187511372,0.017313983,10.86365157,3.065664091,3,4,Synthetic
30.07862517,0.22656755,0.027702896,10.67410832,4.209426899,5,2,Mixture
31.71504118,0.207245624,0.027702896,10.67410832,3.811522736,5,2,NonSynthetic
31.84096865,0.205758739,0.027702896,10.67410832,3.780902731,5,2,Synthetic
28.47458021,0.187201321,0.027702896,10.67410832,3.398742387,5,2,Synthetic
28.05174291,0.187201321,0.027702896,10.67410832,3.398742387,5,2,Synthetic
28.47458021,0.187201321,0.027702896,10.67410832,3.398742387,5,2,Synthetic
26.46033527,0.19055842,0.006933623,11.13895031,3.377908963,1,0,NonSynthetic
25.71857054,0.19055842,0.006933623,11.13895031,3.377908963,1,0,NonSynthetic
26.21719736,0.19055842,0.006933623,11.13895031,3.377908963,1,0,NonSynthetic
24.76031526,0.229188767,0.006933623,11.13895031,4.173439157,1,0,Synthetic
26.33440779,0.19055842,0.006933623,11.13895031,3.377908963,1,0,Synthetic
25.90395468,0.19055842,0.006933623,11.13895031,3.377908963,1,0,Synthetic
27.62626552,0.147791683,0.006933623,11.13895031,3.678772085,1,0,NonSynthetic
25.43322915,0.187880289,0.006933623,11.13895031,4.504332783,1,0,Synthetic
26.60574599,0.147791683,0.006933623,11.13895031,3.678772085,1,0,Synthetic
26.70037167,0.147791683,0.006933623,11.13895031,3.678772085,1,0,Synthetic
26.77825549,0.124154947,0.006933623,11.13895031,3.678772085,1,0,NonSynthetic
25.08065986,0.164243554,0.006933623,11.13895031,4.504332783,1,0,Synthetic
26.2531767,0.124154947,0.006933623,11.13895031,3.678772085,1,0,Synthetic
26.34780238,0.124154947,0.006933623,11.13895031,3.678772085,1,0,Synthetic
26.08968004,0.040023181,0.011815395,10.98317906,3.527012382,2,3,NonSynthetic
26.38746195,0.040023181,0.011815395,10.98317906,3.527012382,2,3,NonSynthetic
26.61475883,0.060067484,0.011815395,10.98317906,3.939792731,2,3,Synthetic
24.9171632,0.040023181,0.011815395,10.98317906,3.527012382,2,3,Synthetic
26.61475883,0.040023181,0.011815395,10.98317906,3.527012382,2,3,Synthetic
22.43329209,0.129222564,0.006933623,11.13895031,3.151457582,1,0,NonSynthetic
22.01045479,0.129222564,0.006933623,11.13895031,3.151457582,1,0,NonSynthetic
22.68300272,0.129222564,0.006933623,11.13895031,3.151457582,1,0,NonSynthetic
23.62241547,0.129222564,0.006933623,11.13895031,3.151457582,1,0,NonSynthetic
22.18346805,0.161364956,0.006933623,11.13895031,3.813378714,1,0,Synthetic
23.20808152,0.129222564,0.006933623,11.13895031,3.151457582,1,0,Synthetic
24.30317518,0.222229078,0.020617482,10.86365157,3.537321592,3,0,NonSynthetic
25.2144822,0.222229078,0.020617482,10.86365157,3.537321592,3,0,NonSynthetic
24.60046829,0.222229078,0.020617482,10.86365157,3.537321592,3,0,NonSynthetic
24.12459804,0.250576003,0.020617482,10.86365157,4.12108116,3,0,Synthetic
24.30268638,0.222229078,0.020617482,10.86365157,3.537321592,3,0,Synthetic
25.592015,0.055812641,0.01137281,10.98317906,3.372472918,2,4,NonSynthetic
25.91540796,0.068934718,0.01137281,10.98317906,3.642701088,2,4,Synthetic
24.71331229,0.083128422,0.01137281,10.98317906,3.934997713,2,4,NonSynthetic
25.07866685,0.084159566,0.01137281,10.98317906,3.956232485,2,4,Synthetic
24.75722052,0.087955033,0.01137281,10.98317906,4.03439405,2,4,Mixture
27.83723305,0.037926615,0.011815395,10.98317906,3.509797436,2,3,NonSynthetic
26.70543987,0.037926615,0.011815395,10.98317906,3.509797436,2,3,NonSynthetic
25.79605621,0.06726847,0.011815395,10.98317906,4.114045995,2,3,Synthetic
25.41162142,0.037926615,0.011815395,10.98317906,3.509797436,2,3,Synthetic
26.7094136,0.037926615,0.011815395,10.98317906,3.509797436,2,3,Synthetic
25.2306862,0.05590375,0.01137281,10.98317906,3.372472918,2,4,NonSynthetic
25.55407916,0.069025826,0.01137281,10.98317906,3.642701088,2,4,Synthetic
24.35198349,0.08321953,0.01137281,10.98317906,3.934997713,2,4,NonSynthetic
25.25553507,0.084250675,0.01137281,10.98317906,3.956232485,2,4,Synthetic
24.93408874,0.088046142,0.01137281,10.98317906,4.03439405,2,4,Mixture
18.53074327,0.017772167,0.017756568,10.86365157,5.024769565,3,3,NonSynthetic
18.33247304,-0.035044412,0.004072709,11.13895031,5.024769565,1,3,NonSynthetic
18.44109107,0.032936084,0.005281873,11.13895031,5.024769565,1,1,NonSynthetic
18.98015307,0.047901224,0.017756568,10.86365157,5.024769565,3,3,NonSynthetic
18.30469201,0.073953766,0.01137281,10.98317906,4.187121141,2,4,NonSynthetic
18.93117737,0.116810289,0.01137281,10.98317906,5.069682651,2,4,Mixture
20.74598344,0.073953766,0.01137281,10.98317906,4.187121141,2,4,Mixture
19.16553647,0.131665975,0.01137281,10.98317906,4.187121141,2,4,NonSynthetic
19.79202182,0.174522498,0.01137281,10.98317906,5.069682651,2,4,Mixture
21.60682789,0.131665975,0.01137281,10.98317906,4.187121141,2,4,Mixture
19.16553647,0.060329585,0.017756568,10.86365157,5.024769565,3,3,NonSynthetic
18.77667851,0.017099608,0.011815395,10.98317906,5.024769565,2,3,NonSynthetic
18.68140844,0.131963113,0.006933623,11.13895031,5.024769565,1,0,NonSynthetic
18.59629966,-0.077484692,0.004072709,11.13895031,3.770194224,1,3,NonSynthetic
18.82359655,-0.077484692,0.004072709,11.13895031,3.770194224,1,3,NonSynthetic
18.49217731,-0.077484692,0.004072709,11.13895031,3.770194224,1,3,NonSynthetic
19.30197866,0.058897541,0.006933623,11.13895031,3.738538736,1,0,NonSynthetic
18.5985098,0.058897541,0.006933623,11.13895031,3.738538736,1,0,NonSynthetic
18.384301,0.058897541,0.006933623,11.13895031,3.738538736,1,0,NonSynthetic
18.76598597,0.077402564,0.006933623,11.13895031,3.589489338,1,0,NonSynthetic
19.50456461,0.077402564,0.006933623,11.13895031,3.589489338,1,0,NonSynthetic
19.0472179,0.101360089,0.006933623,11.13895031,4.082856221,1,0,Mixture
18.95330755,-0.081666494,0.004072709,11.13895031,4.040083528,1,3,NonSynthetic
19.47838634,-0.081666494,0.004072709,11.13895031,4.040083528,1,3,NonSynthetic
18.3819631,-0.129309639,0.003630124,11.13895031,3.786107991,1,4,NonSynthetic
18.26475266,-0.129309639,0.003630124,11.13895031,3.786107991,1,4,NonSynthetic
18.05054387,-0.129309639,0.003630124,11.13895031,3.786107991,1,4,NonSynthetic
18.95288531,-0.099476573,0.003630124,11.13895031,3.786107991,1,4,NonSynthetic
18.7097474,-0.099476573,0.003630124,11.13895031,3.786107991,1,4,NonSynthetic
18.39650472,-0.099476573,0.003630124,11.13895031,3.786107991,1,4,NonSynthetic
18.48659372,0.04353658,0.006933623,11.13895031,3.786107991,1,0,NonSynthetic
18.36938328,0.04353658,0.006933623,11.13895031,3.786107991,1,0,NonSynthetic
18.15517448,0.04353658,0.006933623,11.13895031,3.786107991,1,0,NonSynthetic
18.77665745,-0.113473075,0.004072709,11.13895031,3.992514273,1,3,NonSynthetic
19.49939506,-0.113473075,0.004072709,11.13895031,3.992514273,1,3,NonSynthetic
19.66424698,0.137623231,0.006933623,11.13895031,3.589489338,1,0,NonSynthetic
19.90738489,0.137623231,0.006933623,11.13895031,3.589489338,1,0,NonSynthetic
19.45003818,0.161580756,0.006933623,11.13895031,4.082856221,1,0,Mixture
19.28507244,-0.059424514,0.004072709,11.13895031,4.040083528,1,3,NonSynthetic
19.81015123,-0.059424514,0.004072709,11.13895031,4.040083528,1,3,NonSynthetic
18.74011947,-0.030824872,0.005281873,11.13895031,3.770194224,1,1,NonSynthetic
18.61419199,-0.030824872,0.005281873,11.13895031,3.770194224,1,1,NonSynthetic
17.99835474,-0.030824872,0.005281873,11.13895031,3.770194224,1,1,NonSynthetic
18.95526352,-0.077099908,0.004072709,11.13895031,3.770194224,1,3,NonSynthetic
18.82933605,-0.077099908,0.004072709,11.13895031,3.770194224,1,3,NonSynthetic
18.21349879,-0.077099908,0.004072709,11.13895031,3.770194224,1,3,NonSynthetic
18.19716721,0.0529912,0.006933623,11.13895031,3.834200991,1,0,NonSynthetic
18.01178307,0.0529912,0.006933623,11.13895031,3.834200991,1,0,NonSynthetic
18.62762032,0.0529912,0.006933623,11.13895031,3.834200991,1,0,NonSynthetic
17.82094526,0.025962456,0.027702896,10.67410832,3.681496768,5,2,NonSynthetic
17.82094526,0.025962456,0.027702896,10.67410832,3.681496768,5,2,NonSynthetic
18.52906903,0.025962456,0.027702896,10.67410832,3.681496768,5,2,NonSynthetic
18.76625258,0.055304311,0.027702896,10.67410832,4.285745327,5,2,Mixture
18.25382209,0.070671062,0.005281873,11.13895031,3.427521231,1,1,NonSynthetic
18.25382209,0.070671062,0.005281873,11.13895031,3.427521231,1,1,NonSynthetic
18.29325214,0.070671062,0.005281873,11.13895031,3.427521231,1,1,NonSynthetic
18.13276597,0.101907852,0.005281873,11.13895031,4.070792944,1,1,Mixture
18.00414471,0.053932343,0.005281873,11.13895031,3.427521231,1,1,NonSynthetic
17.90511083,0.053932343,0.005281873,11.13895031,3.427521231,1,1,NonSynthetic
17.63239681,0.053932343,0.005281873,11.13895031,3.427521231,1,1,NonSynthetic
17.38764785,0.085169133,0.005281873,11.13895031,4.070792944,1,1,Mixture
18.10826706,0.076660446,0.005281873,11.13895031,3.895570152,1,1,NonSynthetic
18.55688194,0.021734471,0.017756568,10.86365157,3.681496768,3,3,NonSynthetic
18.55688194,0.021734471,0.017756568,10.86365157,3.681496768,3,3,NonSynthetic
18.10087126,0.021734471,0.017756568,10.86365157,3.681496768,3,3,NonSynthetic
17.94038509,0.052971261,0.017756568,10.86365157,4.324768481,3,3,Mixture
18.82167679,0.066699154,0.027177908,10.67410832,3.681496768,5,3,NonSynthetic
18.82167679,0.066699154,0.027177908,10.67410832,3.681496768,5,3,NonSynthetic
18.36566611,0.066699154,0.027177908,10.67410832,3.681496768,5,3,NonSynthetic
18.12848256,0.098841546,0.027177908,10.67410832,4.3434179,5,3,Mixture
20.85492983,0.39138405,0.026735323,10.67410832,3.472558719,5,4,NonSynthetic
25.02670581,0.415341575,0.026735323,10.67410832,3.965925601,5,4,Mixture
24.65495791,0.419730975,0.026735323,10.67410832,4.056318287,5,4,NonSynthetic
26.95578772,0.420725905,0.026735323,10.67410832,4.076807278,5,4,Mixture
26.95578772,0.39138405,0.026735323,10.67410832,3.472558719,5,4,Mixture
19.46115875,0.128455266,0.005281873,11.13895031,3.630285035,1,1,NonSynthetic
19.83290665,0.128455266,0.005281873,11.13895031,3.630285035,1,1,NonSynthetic
19.63924709,0.128455266,0.005281873,11.13895031,3.630285035,1,1,NonSynthetic
19.37689596,0.157797122,0.005281873,11.13895031,4.234533594,1,1,Mixture
19.66775621,0.130366557,0.005281873,11.13895031,3.59649588,1,1,NonSynthetic
19.86141577,0.130366557,0.005281873,11.13895031,3.59649588,1,1,NonSynthetic
19.66775621,0.130366557,0.005281873,11.13895031,3.59649588,1,1,NonSynthetic
19.40540508,0.159708413,0.005281873,11.13895031,4.200744439,1,1,Mixture
19.86122315,0.253684852,0.006933623,11.13895031,3.012822993,1,0,NonSynthetic
19.74401271,0.253684852,0.006933623,11.13895031,3.012822993,1,0,NonSynthetic
20.23792768,0.285827244,0.006933623,11.13895031,3.674744126,1,0,Mixture
20.47511123,0.253684852,0.006933623,11.13895031,3.012822993,1,0,Mixture
20.6467039,0.253684852,0.006933623,11.13895031,3.012822993,1,0,Mixture
20.59581031,0.293482287,0.006933623,11.13895031,2.758847456,1,0,NonSynthetic
20.47859987,0.314910549,0.006933623,11.13895031,3.200128211,1,0,NonSynthetic
21.6517751,0.293482287,0.006933623,11.13895031,2.758847456,1,0,NonSynthetic
22.81474523,0.324719078,0.006933623,11.13895031,3.402119169,1,0,Mixture
22.9752314,0.322824143,0.006933623,11.13895031,3.363096015,1,0,Mixture
23.14682406,0.293482287,0.006933623,11.13895031,2.758847456,1,0,Mixture
22.22171293,0.317989062,0.006933623,11.13895031,3.012822993,1,0,NonSynthetic
21.99441605,0.317989062,0.006933623,11.13895031,3.012822993,1,0,NonSynthetic
24.85159657,0.349225852,0.006933623,11.13895031,3.656094707,1,0,Mixture
24.93058493,0.317989062,0.006933623,11.13895031,3.012822993,1,0,Mixture
25.09634552,0.317989062,0.006933623,11.13895031,3.012822993,1,0,Mixture
19.81137791,0.209850935,0.006933623,11.13895031,3.177671668,1,0,NonSynthetic
19.69416748,0.231279196,0.006933623,11.13895031,3.618952423,1,0,NonSynthetic
20.86734271,0.209850935,0.006933623,11.13895031,3.177671668,1,0,NonSynthetic
19.0686801,0.241087725,0.006933623,11.13895031,3.820943381,1,0,Mixture
19.22916626,0.23919279,0.006933623,11.13895031,3.781920227,1,0,Mixture
19.42043871,-0.011461036,0.004072709,11.13895031,3.427521231,1,3,NonSynthetic
19.42043871,-0.011461036,0.004072709,11.13895031,3.427521231,1,3,NonSynthetic
18.58594499,-0.011461036,0.004072709,11.13895031,3.427521231,1,3,NonSynthetic
18.42545882,0.019775754,0.004072709,11.13895031,4.070792944,1,3,Mixture
18.99313303,0.142511007,0.006933623,11.13895031,4.646774008,1,0,Mixture
18.976219,0.141377067,0.006933623,11.13895031,4.646774008,1,0,Mixture
18.64353609,-0.046758095,0.003630124,11.13895031,4.646774008,1,4,Mixture
19.23331374,0.158613056,0.006933623,11.13895031,4.646774008,1,0,Mixture
19.54154101,0.035662629,0.004072709,11.13895031,4.646774008,1,3,Mixture
22.54567131,0.08609804,0.005281873,11.13895031,4.102238411,1,1,Synthetic
22.37407865,0.088124115,0.005281873,11.13895031,4.143962176,1,1,Mixture
22.44438181,0.106866262,0.006933623,11.13895031,4.521062623,1,0,Synthetic
19.61644342,0.040684192,0.004072709,11.13895031,4.646774008,1,3,Mixture
18.74971245,-0.019413352,0.012340383,10.98317906,3.733820398,2,2,NonSynthetic
20.14488891,0.008933574,0.012340383,10.98317906,4.317579966,2,2,Synthetic
20.84805605,0.000630951,0.012340383,10.98317906,4.146600747,2,2,NonSynthetic
19.54487697,0.193558732,0.020617482,10.86365157,3.479844861,3,0,NonSynthetic
21.42849662,0.193558732,0.020617482,10.86365157,3.479844861,3,0,NonSynthetic
20.59940201,0.221905658,0.020617482,10.86365157,4.063604428,3,0,Synthetic
21.30256915,0.213603036,0.020617482,10.86365157,3.89262521,3,0,NonSynthetic
18.6136098,0.007052181,0.027177908,10.67410832,3.733820398,5,3,NonSynthetic
20.64262467,0.031009705,0.027177908,10.67410832,4.22718728,5,3,Synthetic
20.54359079,0.032179045,0.027177908,10.67410832,4.25126795,5,3,NonSynthetic
17.06205185,-0.025371362,0.011815395,10.98317906,4.049109247,2,3,NonSynthetic
18.02461799,-0.025371362,0.011815395,10.98317906,4.049109247,2,3,NonSynthetic
19.77041071,0.044197066,0.027177908,10.67410832,3.650530314,5,3,NonSynthetic
20.82493576,0.072543991,0.027177908,10.67410832,4.234289882,5,3,Synthetic
21.09764978,0.06932393,0.027177908,10.67410832,4.167977866,5,3,NonSynthetic
18.82049293,-0.03385187,0.011815395,10.98317906,3.767609554,2,3,NonSynthetic
20.32261818,-0.005504945,0.011815395,10.98317906,4.351369121,2,3,Synthetic
20.69436608,-0.009894345,0.011815395,10.98317906,4.260976436,2,3,NonSynthetic
19.5121195,0.050850462,0.005281873,11.13895031,3.801679132,1,1,NonSynthetic
20.92998198,0.080192317,0.005281873,11.13895031,4.40592769,1,1,Synthetic
21.38599266,0.074807986,0.005281873,11.13895031,4.295046014,1,1,NonSynthetic
21.07737822,0.096474993,0.017756568,10.86365157,3.634068683,3,3,NonSynthetic
21.9263643,0.125816849,0.017756568,10.86365157,4.238317242,3,3,Synthetic
22.38237499,0.120432518,0.017756568,10.86365157,4.127435566,3,3,NonSynthetic
22.07627409,0.033063345,0.017756568,10.86365157,4.288321859,3,3,Synthetic
22.44802199,0.028673945,0.017756568,10.86365157,4.197929174,3,3,NonSynthetic
19.58906058,0.091972867,0.018965733,10.86365157,3.767609554,3,1,NonSynthetic
21.03808285,0.120319793,0.018965733,10.86365157,4.351369121,3,1,Synthetic
21.40983075,0.115930392,0.018965733,10.86365157,4.260976436,3,1,NonSynthetic
19.66559448,0.070961174,0.018965733,10.86365157,3.801679132,3,1,NonSynthetic
21.22010984,0.0993081,0.018965733,10.86365157,4.385438699,3,1,Synthetic
21.59185774,0.094918699,0.018965733,10.86365157,4.295046014,3,1,NonSynthetic
20.025178,0.034713365,0.005281873,11.13895031,3.767609554,1,1,NonSynthetic
21.47420026,0.06306029,0.005281873,11.13895031,4.351369121,1,1,Synthetic
21.84594816,0.058670889,0.005281873,11.13895031,4.260976436,1,1,NonSynthetic
20.58833769,0.003138516,0.011815395,10.98317906,3.564845749,2,3,NonSynthetic
22.70255808,0.003138516,0.011815395,10.98317906,3.564845749,2,3,NonSynthetic
21.87346347,0.031485441,0.011815395,10.98317906,4.148605316,2,3,Synthetic
22.24521137,0.027096041,0.011815395,10.98317906,4.058212631,2,3,NonSynthetic
20.21776112,0.060734951,0.027177908,10.67410832,3.818821286,5,3,NonSynthetic
21.68801369,0.090076807,0.027177908,10.67410832,4.423069845,5,3,Synthetic
22.14402438,0.084692476,0.027177908,10.67410832,4.312188168,5,3,NonSynthetic
19.5029358,-0.001541231,0.011815395,10.98317906,3.564845749,2,3,NonSynthetic
21.75409418,-0.001541231,0.011815395,10.98317906,3.564845749,2,3,NonSynthetic
20.62230099,0.028762907,0.011815395,10.98317906,4.188910977,2,3,Synthetic
21.26393183,0.021186872,0.011815395,10.98317906,4.03289467,2,3,NonSynthetic
23.10376096,0.303435829,0.020617482,10.86365157,3.431905933,3,0,NonSynthetic
25.6783123,0.316557906,0.020617482,10.86365157,3.702134103,3,0,Mixture
24.22312616,0.333739967,0.020617482,10.86365157,4.055971161,3,0,Synthetic
24.56697509,0.329679983,0.020617482,10.86365157,3.972362274,3,0,NonSynthetic
19.73715516,0.156668905,0.01467631,10.98317906,3.733820398,2,0,NonSynthetic
20.93801816,0.18601076,0.01467631,10.98317906,4.338068957,2,0,Synthetic
21.49815119,0.179397008,0.01467631,10.98317906,4.201869319,2,0,NonSynthetic
20.23037098,0.03289721,0.011815395,10.98317906,3.547703594,2,3,NonSynthetic
22.95258008,0.03289721,0.011815395,10.98317906,3.547703594,2,3,NonSynthetic
20.99052277,0.066778266,0.011815395,10.98317906,4.245429731,2,3,Synthetic
22.16238748,0.052941513,0.011815395,10.98317906,3.960483943,2,3,NonSynthetic
20.17360362,0.071227679,0.027177908,10.67410832,3.650530314,5,3,NonSynthetic
21.22812866,0.099574604,0.027177908,10.67410832,4.234289882,5,3,Synthetic
21.70399891,0.093955782,0.027177908,10.67410832,4.118579236,5,3,NonSynthetic
18.08574303,0.10141371,0.01467631,10.98317906,3.616712722,2,0,NonSynthetic
20.77034505,0.10141371,0.01467631,10.98317906,3.616712722,2,0,NonSynthetic
19.23617054,0.132650501,0.01467631,10.98317906,4.259984435,2,0,Synthetic
19.95678975,0.124141814,0.01467631,10.98317906,4.084761643,2,0,NonSynthetic
18.02784556,-0.046082228,0.011815395,10.98317906,3.616712722,2,3,NonSynthetic
21.64836226,-0.046082228,0.011815395,10.98317906,3.616712722,2,3,NonSynthetic
20.36510059,-0.01577809,0.011815395,10.98317906,4.24077795,2,3,Synthetic
21.00673143,-0.023354124,0.011815395,10.98317906,4.084761643,2,3,NonSynthetic
19.33226366,0.154062766,0.020617482,10.86365157,3.733820398,3,0,NonSynthetic
20.48269118,0.185299556,0.020617482,10.86365157,4.377092111,3,0,Synthetic
21.20331038,0.17679087,0.020617482,10.86365157,4.201869319,3,0,NonSynthetic
20.28937563,0.150999122,0.020617482,10.86365157,2.971893786,3,0,NonSynthetic
17.53581521,0.150999122,0.020617482,10.86365157,2.971893786,3,0,NonSynthetic
19.35933831,0.150999122,0.020617482,10.86365157,2.971893786,3,0,NonSynthetic
18.28549475,0.182235912,0.020617482,10.86365157,3.615165499,3,0,Synthetic
19.00611396,0.173727225,0.020617482,10.86365157,3.439942707,3,0,NonSynthetic
20.94875993,-0.073301514,0.012340383,10.98317906,3.913384194,2,2,NonSynthetic
21.94318843,-0.073301514,0.012340383,10.98317906,3.913384194,2,2,NonSynthetic
21.85892564,-0.043959659,0.012340383,10.98317906,4.517632753,2,2,Synthetic
22.0305183,-0.073301514,0.012340383,10.98317906,3.913384194,2,2,Synthetic
24.43852047,-0.109977518,0.003630124,11.13895031,4.302837313,1,4,Synthetic
24.97602896,-0.116324131,0.003630124,11.13895031,4.172138968,1,4,NonSynthetic
24.87699508,-0.115154792,0.003630124,11.13895031,4.196219637,1,4,Synthetic
24.20823984,-0.140281656,0.003630124,11.13895031,3.678772085,1,4,Synthetic
20.64608004,-0.010790719,0.01302456,10.98317906,3.553176965,2,1,NonSynthetic
16.2306441,-0.034019859,0.022322623,10.76288524,2.791250353,4,4,NonSynthetic
16.2306441,-0.034019859,0.022322623,10.76288524,2.791250353,4,4,NonSynthetic
17.48994614,0.100353755,0.01467631,10.98317906,3.538066101,2,0,NonSynthetic
17.57752302,0.088120569,0.006933623,11.13895031,3.553176965,1,0,NonSynthetic
17.36451411,-0.069774255,0.004072709,11.13895031,3.553176965,1,3,NonSynthetic
19.56446036,0.082752766,0.004597696,11.13895031,3.664354613,1,2,NonSynthetic
19.46983468,0.082752766,0.004597696,11.13895031,3.664354613,1,2,NonSynthetic
22.59407087,0.082752766,0.004597696,11.13895031,3.664354613,1,2,NonSynthetic
22.75983146,0.111099692,0.004597696,11.13895031,4.248114181,1,2,Mixture
17.19830222,0.006637421,0.004072709,11.13895031,3.822203894,1,3,NonSynthetic
18.02820565,0.006637421,0.004072709,11.13895031,3.822203894,1,3,NonSynthetic
18.6332437,0.006637421,0.004072709,11.13895031,3.822203894,1,3,NonSynthetic
18.79900429,0.006637421,0.004072709,11.13895031,3.822203894,1,3,NonSynthetic
16.63795727,0.282136866,0.01467631,10.98317906,3.307800084,2,0,NonSynthetic
19.0996123,0.282136866,0.01467631,10.98317906,3.307800084,2,0,NonSynthetic
18.71107193,0.282136866,0.01467631,10.98317906,3.307800084,2,0,NonSynthetic
20.43756691,0.309452647,0.01467631,10.98317906,3.870324879,2,0,Mixture
20.26597424,0.311478722,0.01467631,10.98317906,3.912048643,2,0,NonSynthetic
21.05340416,0.30218117,0.01467631,10.98317906,3.720580433,2,0,Mixture
18.27829754,0.058054235,0.005281873,11.13895031,3.541158173,1,1,NonSynthetic
17.98051563,0.058054235,0.005281873,11.13895031,3.541158173,1,1,NonSynthetic
17.71816451,0.058054235,0.005281873,11.13895031,3.541158173,1,1,NonSynthetic
17.71816451,0.058054235,0.005281873,11.13895031,3.541158173,1,1,NonSynthetic
18.83230518,0.10158039,0.017756568,10.86365157,3.327739444,3,3,NonSynthetic
21.38802933,0.10158039,0.017756568,10.86365157,3.327739444,3,3,NonSynthetic
20.77219208,0.10158039,0.017756568,10.86365157,3.327739444,3,3,NonSynthetic
20.97178606,0.131884528,0.017756568,10.86365157,3.951804672,3,3,Mixture
21.13754664,0.129927315,0.017756568,10.86365157,3.911499011,3,3,NonSynthetic
21.96664125,0.120137808,0.017756568,10.86365157,3.709899787,3,3,Synthetic
16.56058023,0.037845105,0.017756568,10.86365157,3.539410588,3,3,NonSynthetic
16.13535907,0.037845105,0.017756568,10.86365157,3.539410588,3,3,NonSynthetic
16.87793262,0.037845105,0.017756568,10.86365157,3.539410588,3,3,NonSynthetic
16.38249189,0.037845105,0.017756568,10.86365157,3.539410588,3,3,NonSynthetic
16.2982291,0.037845105,0.017756568,10.86365157,3.539410588,3,3,NonSynthetic
16.71848665,0.245683051,0.006933623,11.13895031,3.209713239,1,0,NonSynthetic
19.6751076,0.245683051,0.006933623,11.13895031,3.209713239,1,0,NonSynthetic
19.19923735,0.245683051,0.006933623,11.13895031,3.209713239,1,0,NonSynthetic
21.32351757,0.271927204,0.006933623,11.13895031,3.75016958,1,0,Mixture
21.06116644,0.275024906,0.006933623,11.13895031,3.813961798,1,0,NonSynthetic
21.73138593,0.267111312,0.006933623,11.13895031,3.650993994,1,0,Mixture
18.75376625,-0.032833086,0.01137281,10.98317906,3.524228974,2,4,NonSynthetic
18.13792899,-0.032833086,0.01137281,10.98317906,3.524228974,2,4,NonSynthetic
17.84538084,-0.032833086,0.01137281,10.98317906,3.524228974,2,4,NonSynthetic
17.67962026,-0.032833086,0.01137281,10.98317906,3.524228974,2,4,NonSynthetic
19.94045914,0.257507745,0.006933623,11.13895031,2.957485286,1,0,NonSynthetic
19.55191877,0.257507745,0.006933623,11.13895031,2.957485286,1,0,NonSynthetic
22.21332334,0.28585467,0.006933623,11.13895031,3.541244854,1,0,Mixture
22.21332334,0.28585467,0.006933623,11.13895031,3.541244854,1,0,NonSynthetic
23.04241795,0.276065164,0.006933623,11.13895031,3.33964563,1,0,Mixture
19.01547816,0.058053823,0.027177908,10.67410832,3.79513371,5,3,NonSynthetic
18.51685134,0.058053823,0.027177908,10.67410832,3.79513371,5,3,NonSynthetic
20.56093698,0.058053823,0.027177908,10.67410832,3.79513371,5,3,NonSynthetic
20.73252964,0.058053823,0.027177908,10.67410832,3.79513371,5,3,NonSynthetic
18.43952226,0.059662808,0.027177908,10.67410832,3.524228974,5,3,NonSynthetic
18.10810303,0.059662808,0.027177908,10.67410832,3.524228974,5,3,NonSynthetic
17.41490879,0.059662808,0.027177908,10.67410832,3.524228974,5,3,NonSynthetic
17.73635513,0.059662808,0.027177908,10.67410832,3.524228974,5,3,NonSynthetic
16.40638961,0.2628394,0.01467631,10.98317906,3.287964101,2,0,NonSynthetic
18.71663641,0.2628394,0.01467631,10.98317906,3.287964101,2,0,NonSynthetic
18.21800959,0.2628394,0.01467631,10.98317906,3.287964101,2,0,NonSynthetic
17.63523898,0.291186325,0.01467631,10.98317906,3.871723669,2,0,Mixture
17.5509762,0.292181255,0.01467631,10.98317906,3.89221266,2,0,NonSynthetic
18.33840612,0.282883703,0.01467631,10.98317906,3.70074445,2,0,Mixture
